지역,연도,주차,환자수,평균기온(°C),최고기온(°C),최저기온(°C),일강수량(mm),평균 풍속(m/s),평균 상대습도(%),1주전_평균기온,1주전_최고기온,1주전_최저기온,1주전_누적강수량,1주전_평균풍속,1주전_평균상대습도,2주전_평균기온,2주전_최고기온,2주전_최저기온,2주전_누적강수량,2주전_평균풍속,2주전_평균상대습도,3주전_평균기온,3주전_최고기온,3주전_최저기온,3주전_누적강수량,3주전_평균풍속,3주전_평균상대습도
울산,2016,1,1.0,3.87,13.9,-2.8,0.0,2.3,41.9,3.81,15.6,-2.7,0.0,1.9,49.9,6.77,14.8,-0.9,4.4,1.97,60.39,4.99,12.2,-4.2,3.7,1.86,64.54
울산,2016,2,2.0,2.37,8.8,-4.5,9.8,1.76,48.9,3.87,13.9,-2.8,0.0,2.3,41.9,3.81,15.6,-2.7,0.0,1.9,49.9,6.77,14.8,-0.9,4.4,1.97,60.39
울산,2016,3,1.0,-2.67,6.1,-11.4,0.3,3.66,35.24,2.37,8.8,-4.5,9.8,1.76,48.9,3.87,13.9,-2.8,0.0,2.3,41.9,3.81,15.6,-2.7,0.0,1.9,49.9
울산,2016,4,0.0,2.0,9.7,-7.4,40.5,2.1,67.21,-2.67,6.1,-11.4,0.3,3.66,35.24,2.37,8.8,-4.5,9.8,1.76,48.9,3.87,13.9,-2.8,0.0,2.3,41.9
울산,2016,5,2.0,2.1,9.9,-4.8,0.0,2.23,35.76,2.0,9.7,-7.4,40.5,2.1,67.21,-2.67,6.1,-11.4,0.3,3.66,35.24,2.37,8.8,-4.5,9.8,1.76,48.9
울산,2016,6,1.0,7.89,17.4,-1.4,30.1,2.49,61.8,2.1,9.9,-4.8,0.0,2.23,35.76,2.0,9.7,-7.4,40.5,2.1,67.21,-2.67,6.1,-11.4,0.3,3.66,35.24
울산,2016,7,0.0,4.11,14.5,-3.7,0.0,2.89,43.27,7.89,17.4,-1.4,30.1,2.49,61.8,2.1,9.9,-4.8,0.0,2.23,35.76,2.0,9.7,-7.4,40.5,2.1,67.21
울산,2016,8,2.0,5.81,15.9,-2.0,2.3,2.41,49.01,4.11,14.5,-3.7,0.0,2.89,43.27,7.89,17.4,-1.4,30.1,2.49,61.8,2.1,9.9,-4.8,0.0,2.23,35.76
울산,2016,9,0.0,8.04,19.0,-4.0,43.6,2.34,59.56,5.81,15.9,-2.0,2.3,2.41,49.01,4.11,14.5,-3.7,0.0,2.89,43.27,7.89,17.4,-1.4,30.1,2.49,61.8
울산,2016,10,0.0,6.54,16.6,-1.0,7.1,2.16,49.19,8.04,19.0,-4.0,43.6,2.34,59.56,5.81,15.9,-2.0,2.3,2.41,49.01,4.11,14.5,-3.7,0.0,2.89,43.27
울산,2016,11,0.0,10.06,20.0,-0.1,26.7,2.13,60.7,6.54,16.6,-1.0,7.1,2.16,49.19,8.04,19.0,-4.0,43.6,2.34,59.56,5.81,15.9,-2.0,2.3,2.41,49.01
울산,2016,12,1.0,8.61,20.9,2.1,14.8,2.14,64.26,10.06,20.0,-0.1,26.7,2.13,60.7,6.54,16.6,-1.0,7.1,2.16,49.19,8.04,19.0,-4.0,43.6,2.34,59.56
울산,2016,13,0.0,13.57,21.6,5.7,5.1,2.06,65.37,8.61,20.9,2.1,14.8,2.14,64.26,10.06,20.0,-0.1,26.7,2.13,60.7,6.54,16.6,-1.0,7.1,2.16,49.19
울산,2016,14,2.0,14.04,24.3,6.9,67.5,2.0,69.07,13.57,21.6,5.7,5.1,2.06,65.37,8.61,20.9,2.1,14.8,2.14,64.26,10.06,20.0,-0.1,26.7,2.13,60.7
울산,2016,15,0.0,13.79,24.8,4.1,42.7,2.66,70.39,14.04,24.3,6.9,67.5,2.0,69.07,13.57,21.6,5.7,5.1,2.06,65.37,8.61,20.9,2.1,14.8,2.14,64.26
울산,2016,16,1.0,15.56,26.2,9.0,30.0,2.13,62.03,13.79,24.8,4.1,42.7,2.66,70.39,14.04,24.3,6.9,67.5,2.0,69.07,13.57,21.6,5.7,5.1,2.06,65.37
울산,2016,17,0.0,14.96,25.3,8.5,33.9,2.61,66.73,15.56,26.2,9.0,30.0,2.13,62.03,13.79,24.8,4.1,42.7,2.66,70.39,14.04,24.3,6.9,67.5,2.0,69.07
울산,2016,18,1.0,18.96,26.3,11.7,41.9,3.14,54.77,14.96,25.3,8.5,33.9,2.61,66.73,15.56,26.2,9.0,30.0,2.13,62.03,13.79,24.8,4.1,42.7,2.66,70.39
울산,2016,19,0.0,16.59,25.8,11.1,19.8,2.23,76.43,18.96,26.3,11.7,41.9,3.14,54.77,14.96,25.3,8.5,33.9,2.61,66.73,15.56,26.2,9.0,30.0,2.13,62.03
울산,2016,20,0.0,18.24,27.1,8.3,13.1,1.67,58.86,16.59,25.8,11.1,19.8,2.23,76.43,18.96,26.3,11.7,41.9,3.14,54.77,14.96,25.3,8.5,33.9,2.61,66.73
울산,2016,21,0.0,20.84,27.6,11.6,11.3,1.71,70.54,18.24,27.1,8.3,13.1,1.67,58.86,16.59,25.8,11.1,19.8,2.23,76.43,18.96,26.3,11.7,41.9,3.14,54.77
울산,2016,22,1.0,20.63,30.3,12.4,3.5,2.09,67.23,20.84,27.6,11.6,11.3,1.71,70.54,18.24,27.1,8.3,13.1,1.67,58.86,16.59,25.8,11.1,19.8,2.23,76.43
울산,2016,23,1.0,21.19,28.6,17.3,14.8,1.44,90.1,20.63,30.3,12.4,3.5,2.09,67.23,20.84,27.6,11.6,11.3,1.71,70.54,18.24,27.1,8.3,13.1,1.67,58.86
울산,2016,24,1.0,23.17,31.0,18.0,10.4,1.94,79.36,21.19,28.6,17.3,14.8,1.44,90.1,20.63,30.3,12.4,3.5,2.09,67.23,20.84,27.6,11.6,11.3,1.71,70.54
울산,2016,25,2.0,22.86,31.3,17.7,41.1,1.77,83.16,23.17,31.0,18.0,10.4,1.94,79.36,21.19,28.6,17.3,14.8,1.44,90.1,20.63,30.3,12.4,3.5,2.09,67.23
울산,2016,26,1.0,23.11,30.0,17.5,101.3,1.69,87.71,22.86,31.3,17.7,41.1,1.77,83.16,23.17,31.0,18.0,10.4,1.94,79.36,21.19,28.6,17.3,14.8,1.44,90.1
울산,2016,27,2.0,24.49,32.3,19.6,20.5,1.47,89.4,23.11,30.0,17.5,101.3,1.69,87.71,22.86,31.3,17.7,41.1,1.77,83.16,23.17,31.0,18.0,10.4,1.94,79.36
울산,2016,28,1.0,24.63,30.9,19.9,14.2,1.57,87.51,24.49,32.3,19.6,20.5,1.47,89.4,23.11,30.0,17.5,101.3,1.69,87.71,22.86,31.3,17.7,41.1,1.77,83.16
울산,2016,29,2.0,24.13,33.3,18.9,0.0,1.73,86.26,24.63,30.9,19.9,14.2,1.57,87.51,24.49,32.3,19.6,20.5,1.47,89.4,23.11,30.0,17.5,101.3,1.69,87.71
울산,2016,30,2.0,28.54,34.2,23.5,91.2,2.03,84.16,24.13,33.3,18.9,0.0,1.73,86.26,24.63,30.9,19.9,14.2,1.57,87.51,24.49,32.3,19.6,20.5,1.47,89.4
울산,2016,31,1.0,26.6,33.3,21.8,34.3,1.4,89.36,28.54,34.2,23.5,91.2,2.03,84.16,24.13,33.3,18.9,0.0,1.73,86.26,24.63,30.9,19.9,14.2,1.57,87.51
울산,2016,32,0.0,29.01,35.7,22.6,0.0,1.64,81.03,26.6,33.3,21.8,34.3,1.4,89.36,28.54,34.2,23.5,91.2,2.03,84.16,24.13,33.3,18.9,0.0,1.73,86.26
울산,2016,33,0.0,27.29,33.8,22.9,6.3,2.09,82.87,29.01,35.7,22.6,0.0,1.64,81.03,26.6,33.3,21.8,34.3,1.4,89.36,28.54,34.2,23.5,91.2,2.03,84.16
울산,2016,34,3.0,24.47,32.7,17.5,55.2,2.56,81.66,27.29,33.8,22.9,6.3,2.09,82.87,29.01,35.7,22.6,0.0,1.64,81.03,26.6,33.3,21.8,34.3,1.4,89.36
울산,2016,35,0.0,22.7,30.0,16.3,151.5,2.66,78.79,24.47,32.7,17.5,55.2,2.56,81.66,27.29,33.8,22.9,6.3,2.09,82.87,29.01,35.7,22.6,0.0,1.64,81.03
울산,2016,36,4.0,23.14,29.4,18.0,8.8,1.5,90.89,22.7,30.0,16.3,151.5,2.66,78.79,24.47,32.7,17.5,55.2,2.56,81.66,27.29,33.8,22.9,6.3,2.09,82.87
울산,2016,37,4.0,21.46,26.9,18.2,165.3,1.87,93.34,23.14,29.4,18.0,8.8,1.5,90.89,22.7,30.0,16.3,151.5,2.66,78.79,24.47,32.7,17.5,55.2,2.56,81.66
울산,2016,38,2.0,20.17,28.0,16.3,2.9,2.54,79.34,21.46,26.9,18.2,165.3,1.87,93.34,23.14,29.4,18.0,8.8,1.5,90.89,22.7,30.0,16.3,151.5,2.66,78.79
울산,2016,39,3.0,20.73,28.0,15.6,39.5,1.24,93.41,20.17,28.0,16.3,2.9,2.54,79.34,21.46,26.9,18.2,165.3,1.87,93.34,23.14,29.4,18.0,8.8,1.5,90.89
울산,2016,40,7.0,20.09,29.3,11.6,287.1,2.69,83.96,20.73,28.0,15.6,39.5,1.24,93.41,20.17,28.0,16.3,2.9,2.54,79.34,21.46,26.9,18.2,165.3,1.87,93.34
울산,2016,41,5.0,16.37,22.4,11.6,60.0,1.57,81.37,20.09,29.3,11.6,287.1,2.69,83.96,20.73,28.0,15.6,39.5,1.24,93.41,20.17,28.0,16.3,2.9,2.54,79.34
울산,2016,42,14.0,17.59,25.4,12.0,2.4,2.13,82.7,16.37,22.4,11.6,60.0,1.57,81.37,20.09,29.3,11.6,287.1,2.69,83.96,20.73,28.0,15.6,39.5,1.24,93.41
울산,2016,43,11.0,14.71,22.4,7.2,7.7,2.2,78.79,17.59,25.4,12.0,2.4,2.13,82.7,16.37,22.4,11.6,60.0,1.57,81.37,20.09,29.3,11.6,287.1,2.69,83.96
울산,2016,44,56.0,10.3,21.2,1.9,2.5,1.81,65.43,14.71,22.4,7.2,7.7,2.2,78.79,17.59,25.4,12.0,2.4,2.13,82.7,16.37,22.4,11.6,60.0,1.57,81.37
울산,2016,45,104.0,11.11,19.5,2.3,3.7,1.46,75.0,10.3,21.2,1.9,2.5,1.81,65.43,14.71,22.4,7.2,7.7,2.2,78.79,17.59,25.4,12.0,2.4,2.13,82.7
울산,2016,46,94.0,13.74,20.9,5.5,23.7,1.77,72.71,11.11,19.5,2.3,3.7,1.46,75.0,10.3,21.2,1.9,2.5,1.81,65.43,14.71,22.4,7.2,7.7,2.2,78.79
울산,2016,47,53.0,6.51,17.2,-1.0,0.6,2.36,59.77,13.74,20.9,5.5,23.7,1.77,72.71,11.11,19.5,2.3,3.7,1.46,75.0,10.3,21.2,1.9,2.5,1.81,65.43
울산,2016,48,45.0,7.67,16.1,0.7,16.8,1.83,56.33,6.51,17.2,-1.0,0.6,2.36,59.77,13.74,20.9,5.5,23.7,1.77,72.71,11.11,19.5,2.3,3.7,1.46,75.0
울산,2016,49,20.0,6.09,17.4,-0.7,0.0,2.0,47.2,7.67,16.1,0.7,16.8,1.83,56.33,6.51,17.2,-1.0,0.6,2.36,59.77,13.74,20.9,5.5,23.7,1.77,72.71
울산,2016,50,11.0,5.0,14.6,-4.7,0.0,2.14,58.73,6.09,17.4,-0.7,0.0,2.0,47.2,7.67,16.1,0.7,16.8,1.83,56.33,6.51,17.2,-1.0,0.6,2.36,59.77
울산,2016,51,5.0,8.56,17.4,-1.3,68.2,1.8,77.57,5.0,14.6,-4.7,0.0,2.14,58.73,6.09,17.4,-0.7,0.0,2.0,47.2,7.67,16.1,0.7,16.8,1.83,56.33
울산,2016,52,1.0,6.5,11.8,2.1,0.0,1.8,60.4,8.56,17.4,-1.3,68.2,1.8,77.57,5.0,14.6,-4.7,0.0,2.14,58.73,6.09,17.4,-0.7,0.0,2.0,47.2
울산,2016,53,2.0,3.3,9.1,-3.3,19.9,2.58,57.77,6.5,11.8,2.1,0.0,1.8,60.4,8.56,17.4,-1.3,68.2,1.8,77.57,5.0,14.6,-4.7,0.0,2.14,58.73
울산,2017,1,1.0,6.94,13.6,0.2,13.3,1.94,69.14,3.3,9.1,-3.3,19.9,2.58,57.77,6.5,11.8,2.1,0.0,1.8,60.4,8.56,17.4,-1.3,68.2,1.8,77.57
울산,2017,2,2.0,0.86,9.7,-8.7,0.0,3.07,40.21,6.94,13.6,0.2,13.3,1.94,69.14,3.3,9.1,-3.3,19.9,2.58,57.77,6.5,11.8,2.1,0.0,1.8,60.4
울산,2017,3,0.0,1.3,10.4,-5.2,0.0,2.33,49.56,0.86,9.7,-8.7,0.0,3.07,40.21,6.94,13.6,0.2,13.3,1.94,69.14,3.3,9.1,-3.3,19.9,2.58,57.77
울산,2017,4,0.0,2.0,11.5,-6.7,1.9,2.64,40.04,1.3,10.4,-5.2,0.0,2.33,49.56,0.86,9.7,-8.7,0.0,3.07,40.21,6.94,13.6,0.2,13.3,1.94,69.14
울산,2017,5,0.0,3.99,14.3,-4.7,2.5,2.84,45.11,2.0,11.5,-6.7,1.9,2.64,40.04,1.3,10.4,-5.2,0.0,2.33,49.56,0.86,9.7,-8.7,0.0,3.07,40.21
울산,2017,6,0.0,1.27,10.6,-5.9,0.0,3.59,43.67,3.99,14.3,-4.7,2.5,2.84,45.11,2.0,11.5,-6.7,1.9,2.64,40.04,1.3,10.4,-5.2,0.0,2.33,49.56
울산,2017,7,0.0,6.24,15.8,-2.4,1.5,2.71,43.9,1.27,10.6,-5.9,0.0,3.59,43.67,3.99,14.3,-4.7,2.5,2.84,45.11,2.0,11.5,-6.7,1.9,2.64,40.04
울산,2017,8,0.0,4.83,14.5,-3.3,19.4,2.57,55.31,6.24,15.8,-2.4,1.5,2.71,43.9,1.27,10.6,-5.9,0.0,3.59,43.67,3.99,14.3,-4.7,2.5,2.84,45.11
울산,2017,9,0.0,7.0,15.3,-0.9,11.5,1.97,64.37,4.83,14.5,-3.3,19.4,2.57,55.31,6.24,15.8,-2.4,1.5,2.71,43.9,1.27,10.6,-5.9,0.0,3.59,43.67
울산,2017,10,0.0,6.24,17.0,-2.5,0.0,2.76,38.24,7.0,15.3,-0.9,11.5,1.97,64.37,4.83,14.5,-3.3,19.4,2.57,55.31,6.24,15.8,-2.4,1.5,2.71,43.9
울산,2017,11,0.0,8.7,16.9,1.4,0.2,2.21,56.96,6.24,17.0,-2.5,0.0,2.76,38.24,7.0,15.3,-0.9,11.5,1.97,64.37,4.83,14.5,-3.3,19.4,2.57,55.31
울산,2017,12,0.0,8.57,15.2,1.4,11.7,2.13,69.61,8.7,16.9,1.4,0.2,2.21,56.96,6.24,17.0,-2.5,0.0,2.76,38.24,7.0,15.3,-0.9,11.5,1.97,64.37
울산,2017,13,0.0,8.81,18.2,2.8,14.6,2.33,74.06,8.57,15.2,1.4,11.7,2.13,69.61,8.7,16.9,1.4,0.2,2.21,56.96,6.24,17.0,-2.5,0.0,2.76,38.24
울산,2017,14,0.0,15.01,24.7,6.7,43.8,2.56,65.44,8.81,18.2,2.8,14.6,2.33,74.06,8.57,15.2,1.4,11.7,2.13,69.61,8.7,16.9,1.4,0.2,2.21,56.96
울산,2017,15,1.0,15.27,26.2,7.8,16.3,2.71,59.37,15.01,24.7,6.7,43.8,2.56,65.44,8.81,18.2,2.8,14.6,2.33,74.06,8.57,15.2,1.4,11.7,2.13,69.61
울산,2017,16,0.0,14.54,21.7,7.4,41.4,2.03,67.1,15.27,26.2,7.8,16.3,2.71,59.37,15.01,24.7,6.7,43.8,2.56,65.44,8.81,18.2,2.8,14.6,2.33,74.06
울산,2017,17,1.0,17.47,28.9,7.4,0.3,2.71,53.7,14.54,21.7,7.4,41.4,2.03,67.1,15.27,26.2,7.8,16.3,2.71,59.37,15.01,24.7,6.7,43.8,2.56,65.44
울산,2017,18,1.0,17.99,27.9,8.7,4.7,1.99,56.96,17.47,28.9,7.4,0.3,2.71,53.7,14.54,21.7,7.4,41.4,2.03,67.1,15.27,26.2,7.8,16.3,2.71,59.37
울산,2017,19,1.0,18.73,28.5,12.8,21.1,1.8,67.37,17.99,27.9,8.7,4.7,1.99,56.96,17.47,28.9,7.4,0.3,2.71,53.7,14.54,21.7,7.4,41.4,2.03,67.1
울산,2017,20,0.0,20.37,31.2,12.5,0.2,1.9,55.53,18.73,28.5,12.8,21.1,1.8,67.37,17.99,27.9,8.7,4.7,1.99,56.96,17.47,28.9,7.4,0.3,2.71,53.7
울산,2017,21,1.0,19.26,29.4,11.0,0.3,1.89,71.47,20.37,31.2,12.5,0.2,1.9,55.53,18.73,28.5,12.8,21.1,1.8,67.37,17.99,27.9,8.7,4.7,1.99,56.96
울산,2017,22,0.0,21.0,33.4,12.5,13.4,1.64,65.17,19.26,29.4,11.0,0.3,1.89,71.47,20.37,31.2,12.5,0.2,1.9,55.53,18.73,28.5,12.8,21.1,1.8,67.37
울산,2017,23,1.0,20.29,31.6,12.8,7.0,2.33,66.67,21.0,33.4,12.5,13.4,1.64,65.17,19.26,29.4,11.0,0.3,1.89,71.47,20.37,31.2,12.5,0.2,1.9,55.53
울산,2017,24,0.0,20.11,31.7,14.9,2.8,1.96,74.84,20.29,31.6,12.8,7.0,2.33,66.67,21.0,33.4,12.5,13.4,1.64,65.17,19.26,29.4,11.0,0.3,1.89,71.47
울산,2017,25,0.0,23.09,31.4,17.9,12.0,1.56,77.03,20.11,31.7,14.9,2.8,1.96,74.84,20.29,31.6,12.8,7.0,2.33,66.67,21.0,33.4,12.5,13.4,1.64,65.17
울산,2017,26,0.0,24.5,32.3,18.8,19.9,2.06,83.31,23.09,31.4,17.9,12.0,1.56,77.03,20.11,31.7,14.9,2.8,1.96,74.84,20.29,31.6,12.8,7.0,2.33,66.67
울산,2017,27,1.0,25.97,33.3,21.8,22.9,1.81,88.93,24.5,32.3,18.8,19.9,2.06,83.31,23.09,31.4,17.9,12.0,1.56,77.03,20.11,31.7,14.9,2.8,1.96,74.84
울산,2017,28,1.0,28.5,34.9,23.7,0.1,2.34,75.43,25.97,33.3,21.8,22.9,1.81,88.93,24.5,32.3,18.8,19.9,2.06,83.31,23.09,31.4,17.9,12.0,1.56,77.03
울산,2017,29,0.0,28.8,36.1,23.3,3.9,1.56,77.26,28.5,34.9,23.7,0.1,2.34,75.43,25.97,33.3,21.8,22.9,1.81,88.93,24.5,32.3,18.8,19.9,2.06,83.31
울산,2017,30,0.0,25.31,31.7,19.9,58.6,1.61,85.51,28.8,36.1,23.3,3.9,1.56,77.26,28.5,34.9,23.7,0.1,2.34,75.43,25.97,33.3,21.8,22.9,1.81,88.93
울산,2017,31,3.0,26.94,34.7,21.7,3.3,1.84,85.86,25.31,31.7,19.9,58.6,1.61,85.51,28.8,36.1,23.3,3.9,1.56,77.26,28.5,34.9,23.7,0.1,2.34,75.43
울산,2017,32,0.0,26.23,35.1,21.7,24.9,2.04,85.34,26.94,34.7,21.7,3.3,1.84,85.86,25.31,31.7,19.9,58.6,1.61,85.51,28.8,36.1,23.3,3.9,1.56,77.26
울산,2017,33,3.0,24.64,29.8,21.8,37.1,1.79,92.37,26.23,35.1,21.7,24.9,2.04,85.34,26.94,34.7,21.7,3.3,1.84,85.86,25.31,31.7,19.9,58.6,1.61,85.51
울산,2017,34,1.0,26.99,34.5,18.4,7.0,2.4,75.01,24.64,29.8,21.8,37.1,1.79,92.37,26.23,35.1,21.7,24.9,2.04,85.34,26.94,34.7,21.7,3.3,1.84,85.86
울산,2017,35,1.0,22.61,30.5,17.0,0.0,2.56,68.93,26.99,34.5,18.4,7.0,2.4,75.01,24.64,29.8,21.8,37.1,1.79,92.37,26.23,35.1,21.7,24.9,2.04,85.34
울산,2017,36,1.0,22.4,29.7,17.6,29.3,1.44,85.34,22.61,30.5,17.0,0.0,2.56,68.93,26.99,34.5,18.4,7.0,2.4,75.01,24.64,29.8,21.8,37.1,1.79,92.37
울산,2017,37,2.0,21.67,28.2,16.1,125.6,2.57,78.43,22.4,29.7,17.6,29.3,1.44,85.34,22.61,30.5,17.0,0.0,2.56,68.93,26.99,34.5,18.4,7.0,2.4,75.01
울산,2017,38,1.0,21.29,29.1,14.1,0.0,1.41,74.5,21.67,28.2,16.1,125.6,2.57,78.43,22.4,29.7,17.6,29.3,1.44,85.34,22.61,30.5,17.0,0.0,2.56,68.93
울산,2017,39,2.0,19.44,27.0,11.0,28.4,1.86,73.09,21.29,29.1,14.1,0.0,1.41,74.5,21.67,28.2,16.1,125.6,2.57,78.43,22.4,29.7,17.6,29.3,1.44,85.34
울산,2017,40,5.0,19.17,26.4,14.6,43.1,2.2,85.8,19.44,27.0,11.0,28.4,1.86,73.09,21.29,29.1,14.1,0.0,1.41,74.5,21.67,28.2,16.1,125.6,2.57,78.43
울산,2017,41,9.0,18.46,28.0,11.8,13.6,2.04,77.71,19.17,26.4,14.6,43.1,2.2,85.8,19.44,27.0,11.0,28.4,1.86,73.09,21.29,29.1,14.1,0.0,1.41,74.5
울산,2017,42,32.0,17.11,21.3,13.1,1.1,3.17,71.17,18.46,28.0,11.8,13.6,2.04,77.71,19.17,26.4,14.6,43.1,2.2,85.8,19.44,27.0,11.0,28.4,1.86,73.09
울산,2017,43,43.0,14.83,22.7,6.9,0.0,2.17,72.44,17.11,21.3,13.1,1.1,3.17,71.17,18.46,28.0,11.8,13.6,2.04,77.71,19.17,26.4,14.6,43.1,2.2,85.8
울산,2017,44,79.0,12.24,22.5,5.5,0.0,2.03,54.86,14.83,22.7,6.9,0.0,2.17,72.44,17.11,21.3,13.1,1.1,3.17,71.17,18.46,28.0,11.8,13.6,2.04,77.71
울산,2017,45,144.0,13.03,22.1,3.7,0.0,2.19,54.6,12.24,22.5,5.5,0.0,2.03,54.86,14.83,22.7,6.9,0.0,2.17,72.44,17.11,21.3,13.1,1.1,3.17,71.17
울산,2017,46,121.0,7.54,18.0,-2.0,0.0,2.16,41.67,13.03,22.1,3.7,0.0,2.19,54.6,12.24,22.5,5.5,0.0,2.03,54.86,14.83,22.7,6.9,0.0,2.17,72.44
울산,2017,47,57.0,6.46,17.0,-1.4,0.0,2.09,51.33,7.54,18.0,-2.0,0.0,2.16,41.67,13.03,22.1,3.7,0.0,2.19,54.6,12.24,22.5,5.5,0.0,2.03,54.86
울산,2017,48,15.0,7.19,19.9,-3.3,0.0,2.07,47.91,6.46,17.0,-1.4,0.0,2.09,51.33,7.54,18.0,-2.0,0.0,2.16,41.67,13.03,22.1,3.7,0.0,2.19,54.6
울산,2017,49,5.0,3.07,11.0,-4.6,0.0,2.53,47.11,7.19,19.9,-3.3,0.0,2.07,47.91,6.46,17.0,-1.4,0.0,2.09,51.33,7.54,18.0,-2.0,0.0,2.16,41.67
울산,2017,50,3.0,-0.46,8.9,-7.6,0.0,2.91,29.87,3.07,11.0,-4.6,0.0,2.53,47.11,7.19,19.9,-3.3,0.0,2.07,47.91,6.46,17.0,-1.4,0.0,2.09,51.33
울산,2017,51,2.0,3.6,13.9,-5.2,12.7,2.16,46.57,-0.46,8.9,-7.6,0.0,2.91,29.87,3.07,11.0,-4.6,0.0,2.53,47.11,7.19,19.9,-3.3,0.0,2.07,47.91
울산,2017,52,0.0,2.6,10.4,-5.5,0.0,2.67,43.8,3.6,13.9,-5.2,12.7,2.16,46.57,-0.46,8.9,-7.6,0.0,2.91,29.87,3.07,11.0,-4.6,0.0,2.53,47.11
울산,2018,1,2.0,2.4,9.0,-3.1,0.3,2.36,39.84,2.6,10.4,-5.5,0.0,2.67,43.8,3.6,13.9,-5.2,12.7,2.16,46.57,-0.46,8.9,-7.6,0.0,2.91,29.87
울산,2018,2,1.0,-0.83,9.4,-9.6,4.6,2.56,56.59,2.4,9.0,-3.1,0.3,2.36,39.84,2.6,10.4,-5.5,0.0,2.67,43.8,3.6,13.9,-5.2,12.7,2.16,46.57
울산,2018,3,0.0,5.63,14.5,-0.1,26.4,2.01,62.99,-0.83,9.4,-9.6,4.6,2.56,56.59,2.4,9.0,-3.1,0.3,2.36,39.84,2.6,10.4,-5.5,0.0,2.67,43.8
울산,2018,4,1.0,-3.39,9.1,-12.4,0.0,2.91,33.17,5.63,14.5,-0.1,26.4,2.01,62.99,-0.83,9.4,-9.6,4.6,2.56,56.59,2.4,9.0,-3.1,0.3,2.36,39.84
울산,2018,5,0.0,-1.23,7.3,-8.4,0.0,3.16,30.6,-3.39,9.1,-12.4,0.0,2.91,33.17,5.63,14.5,-0.1,26.4,2.01,62.99,-0.83,9.4,-9.6,4.6,2.56,56.59
울산,2018,6,0.0,-0.96,12.0,-10.9,0.2,3.01,34.0,-1.23,7.3,-8.4,0.0,3.16,30.6,-3.39,9.1,-12.4,0.0,2.91,33.17,5.63,14.5,-0.1,26.4,2.01,62.99
울산,2018,7,1.0,3.5,14.2,-5.8,0.0,2.5,38.96,-0.96,12.0,-10.9,0.2,3.01,34.0,-1.23,7.3,-8.4,0.0,3.16,30.6,-3.39,9.1,-12.4,0.0,2.91,33.17
울산,2018,8,1.0,5.4,12.4,-3.2,1.0,2.11,44.73,3.5,14.2,-5.8,0.0,2.5,38.96,-0.96,12.0,-10.9,0.2,3.01,34.0,-1.23,7.3,-8.4,0.0,3.16,30.6
울산,2018,9,0.0,7.93,18.7,-2.2,59.3,2.39,63.8,5.4,12.4,-3.2,1.0,2.11,44.73,3.5,14.2,-5.8,0.0,2.5,38.96,-0.96,12.0,-10.9,0.2,3.01,34.0
울산,2018,10,0.0,5.64,14.4,-0.2,55.2,2.89,76.79,7.93,18.7,-2.2,59.3,2.39,63.8,5.4,12.4,-3.2,1.0,2.11,44.73,3.5,14.2,-5.8,0.0,2.5,38.96
울산,2018,11,0.0,10.81,23.1,1.6,12.4,2.59,69.63,5.64,14.4,-0.2,55.2,2.89,76.79,7.93,18.7,-2.2,59.3,2.39,63.8,5.4,12.4,-3.2,1.0,2.11,44.73
울산,2018,12,1.0,8.23,22.3,1.1,72.0,3.24,66.76,10.81,23.1,1.6,12.4,2.59,69.63,5.64,14.4,-0.2,55.2,2.89,76.79,7.93,18.7,-2.2,59.3,2.39,63.8
울산,2018,13,0.0,15.16,24.6,6.3,0.0,2.09,52.8,8.23,22.3,1.1,72.0,3.24,66.76,10.81,23.1,1.6,12.4,2.59,69.63,5.64,14.4,-0.2,55.2,2.89,76.79
울산,2018,14,1.0,11.87,27.0,1.5,30.0,2.63,66.11,15.16,24.6,6.3,0.0,2.09,52.8,8.23,22.3,1.1,72.0,3.24,66.76,10.81,23.1,1.6,12.4,2.59,69.63
울산,2018,15,0.0,14.64,26.0,7.2,24.5,2.76,55.74,11.87,27.0,1.5,30.0,2.63,66.11,15.16,24.6,6.3,0.0,2.09,52.8,8.23,22.3,1.1,72.0,3.24,66.76
울산,2018,16,2.0,16.2,29.1,8.0,0.0,1.91,59.14,14.64,26.0,7.2,24.5,2.76,55.74,11.87,27.0,1.5,30.0,2.63,66.11,15.16,24.6,6.3,0.0,2.09,52.8
울산,2018,17,0.0,14.27,26.2,5.5,68.8,2.4,63.36,16.2,29.1,8.0,0.0,1.91,59.14,14.64,26.0,7.2,24.5,2.76,55.74,11.87,27.0,1.5,30.0,2.63,66.11
울산,2018,18,0.0,17.2,26.7,9.2,13.7,2.49,64.29,14.27,26.2,5.5,68.8,2.4,63.36,16.2,29.1,8.0,0.0,1.91,59.14,14.64,26.0,7.2,24.5,2.76,55.74
울산,2018,19,1.0,15.73,26.4,9.5,27.9,2.29,79.11,17.2,26.7,9.2,13.7,2.49,64.29,14.27,26.2,5.5,68.8,2.4,63.36,16.2,29.1,8.0,0.0,1.91,59.14
울산,2018,20,0.0,19.3,31.5,11.4,8.3,2.96,79.71,15.73,26.4,9.5,27.9,2.29,79.11,17.2,26.7,9.2,13.7,2.49,64.29,14.27,26.2,5.5,68.8,2.4,63.36
울산,2018,21,1.0,19.27,29.8,10.4,22.3,1.84,67.81,19.3,31.5,11.4,8.3,2.96,79.71,15.73,26.4,9.5,27.9,2.29,79.11,17.2,26.7,9.2,13.7,2.49,64.29
울산,2018,22,0.0,21.2,29.8,14.8,23.2,1.44,76.17,19.27,29.8,10.4,22.3,1.84,67.81,19.3,31.5,11.4,8.3,2.96,79.71,15.73,26.4,9.5,27.9,2.29,79.11
울산,2018,23,2.0,20.96,29.2,16.5,4.4,1.81,78.76,21.2,29.8,14.8,23.2,1.44,76.17,19.27,29.8,10.4,22.3,1.84,67.81,19.3,31.5,11.4,8.3,2.96,79.71
울산,2018,24,0.0,18.04,26.2,12.7,23.5,2.16,80.91,20.96,29.2,16.5,4.4,1.81,78.76,21.2,29.8,14.8,23.2,1.44,76.17,19.27,29.8,10.4,22.3,1.84,67.81
울산,2018,25,1.0,23.5,34.5,18.0,4.6,1.61,69.53,18.04,26.2,12.7,23.5,2.16,80.91,20.96,29.2,16.5,4.4,1.81,78.76,21.2,29.8,14.8,23.2,1.44,76.17
울산,2018,26,0.0,24.04,31.8,18.1,113.8,2.0,87.64,23.5,34.5,18.0,4.6,1.61,69.53,18.04,26.2,12.7,23.5,2.16,80.91,20.96,29.2,16.5,4.4,1.81,78.76
울산,2018,27,0.0,21.66,30.4,17.3,138.0,2.64,93.03,24.04,31.8,18.1,113.8,2.0,87.64,23.5,34.5,18.0,4.6,1.61,69.53,18.04,26.2,12.7,23.5,2.16,80.91
울산,2018,28,0.0,26.21,33.7,17.5,2.4,1.3,84.96,21.66,30.4,17.3,138.0,2.64,93.03,24.04,31.8,18.1,113.8,2.0,87.64,23.5,34.5,18.0,4.6,1.61,69.53
울산,2018,29,1.0,29.44,36.1,24.4,0.0,1.53,74.39,26.21,33.7,17.5,2.4,1.3,84.96,21.66,30.4,17.3,138.0,2.64,93.03,24.04,31.8,18.1,113.8,2.0,87.64
울산,2018,30,1.0,29.77,35.8,24.6,1.1,2.01,74.69,29.44,36.1,24.4,0.0,1.53,74.39,26.21,33.7,17.5,2.4,1.3,84.96,21.66,30.4,17.3,138.0,2.64,93.03
울산,2018,31,1.0,29.4,37.3,23.6,0.1,2.16,72.13,29.77,35.8,24.6,1.1,2.01,74.69,29.44,36.1,24.4,0.0,1.53,74.39,26.21,33.7,17.5,2.4,1.3,84.96
울산,2018,32,2.0,26.94,33.4,22.9,46.2,1.76,84.94,29.4,37.3,23.6,0.1,2.16,72.13,29.77,35.8,24.6,1.1,2.01,74.69,29.44,36.1,24.4,0.0,1.53,74.39
울산,2018,33,0.0,26.01,34.0,18.1,40.6,2.09,77.97,26.94,33.4,22.9,46.2,1.76,84.94,29.4,37.3,23.6,0.1,2.16,72.13,29.77,35.8,24.6,1.1,2.01,74.69
울산,2018,34,1.0,26.37,32.4,20.2,152.6,2.44,82.33,26.01,34.0,18.1,40.6,2.09,77.97,26.94,33.4,22.9,46.2,1.76,84.94,29.4,37.3,23.6,0.1,2.16,72.13
울산,2018,35,0.0,24.86,32.2,19.6,42.6,1.97,87.96,26.37,32.4,20.2,152.6,2.44,82.33,26.01,34.0,18.1,40.6,2.09,77.97,26.94,33.4,22.9,46.2,1.76,84.94
울산,2018,36,0.0,22.83,30.0,18.3,22.8,2.09,77.0,24.86,32.2,19.6,42.6,1.97,87.96,26.37,32.4,20.2,152.6,2.44,82.33,26.01,34.0,18.1,40.6,2.09,77.97
울산,2018,37,0.0,21.66,29.3,18.5,32.4,2.06,85.04,22.83,30.0,18.3,22.8,2.09,77.0,24.86,32.2,19.6,42.6,1.97,87.96,26.37,32.4,20.2,152.6,2.44,82.33
울산,2018,38,1.0,21.46,28.4,15.0,56.4,1.54,85.04,21.66,29.3,18.5,32.4,2.06,85.04,22.83,30.0,18.3,22.8,2.09,77.0,24.86,32.2,19.6,42.6,1.97,87.96
울산,2018,39,0.0,18.27,23.7,13.2,42.6,2.5,75.54,21.46,28.4,15.0,56.4,1.54,85.04,21.66,29.3,18.5,32.4,2.06,85.04,22.83,30.0,18.3,22.8,2.09,77.0
울산,2018,40,0.0,18.69,25.7,10.7,159.5,2.59,76.84,18.27,23.7,13.2,42.6,2.5,75.54,21.46,28.4,15.0,56.4,1.54,85.04,21.66,29.3,18.5,32.4,2.06,85.04
울산,2018,41,5.0,14.8,21.8,7.1,0.1,1.84,65.21,18.69,25.7,10.7,159.5,2.59,76.84,18.27,23.7,13.2,42.6,2.5,75.54,21.46,28.4,15.0,56.4,1.54,85.04
울산,2018,42,16.0,14.3,21.2,6.8,0.3,2.01,72.27,14.8,21.8,7.1,0.1,1.84,65.21,18.69,25.7,10.7,159.5,2.59,76.84,18.27,23.7,13.2,42.6,2.5,75.54
울산,2018,43,21.0,14.26,23.0,4.7,2.1,1.7,69.41,14.3,21.2,6.8,0.3,2.01,72.27,14.8,21.8,7.1,0.1,1.84,65.21,18.69,25.7,10.7,159.5,2.59,76.84
울산,2018,44,44.0,11.14,21.3,4.1,0.0,1.64,58.3,14.26,23.0,4.7,2.1,1.7,69.41,14.3,21.2,6.8,0.3,2.01,72.27,14.8,21.8,7.1,0.1,1.84,65.21
울산,2018,45,59.0,14.46,20.1,7.0,51.2,1.71,74.53,11.14,21.3,4.1,0.0,1.64,58.3,14.26,23.0,4.7,2.1,1.7,69.41,14.3,21.2,6.8,0.3,2.01,72.27
울산,2018,46,41.0,10.91,17.1,5.9,0.6,1.77,73.4,14.46,20.1,7.0,51.2,1.71,74.53,11.14,21.3,4.1,0.0,1.64,58.3,14.26,23.0,4.7,2.1,1.7,69.41
울산,2018,47,20.0,7.0,14.6,-1.3,0.0,1.87,48.3,10.91,17.1,5.9,0.6,1.77,73.4,14.46,20.1,7.0,51.2,1.71,74.53,11.14,21.3,4.1,0.0,1.64,58.3
울산,2018,48,10.0,9.77,17.4,3.3,0.0,1.74,57.86,7.0,14.6,-1.3,0.0,1.87,48.3,10.91,17.1,5.9,0.6,1.77,73.4,14.46,20.1,7.0,51.2,1.71,74.53
울산,2018,49,8.0,5.46,19.5,-6.6,21.0,2.59,59.73,9.77,17.4,3.3,0.0,1.74,57.86,7.0,14.6,-1.3,0.0,1.87,48.3,10.91,17.1,5.9,0.6,1.77,73.4
울산,2018,50,2.0,1.86,10.0,-4.4,4.6,2.49,54.24,5.46,19.5,-6.6,21.0,2.59,59.73,9.77,17.4,3.3,0.0,1.74,57.86,7.0,14.6,-1.3,0.0,1.87,48.3
울산,2018,51,1.0,7.49,17.0,-0.8,2.5,1.84,56.99,1.86,10.0,-4.4,4.6,2.49,54.24,5.46,19.5,-6.6,21.0,2.59,59.73,9.77,17.4,3.3,0.0,1.74,57.86
울산,2018,52,0.0,0.04,9.5,-8.5,0.0,2.9,30.44,7.49,17.0,-0.8,2.5,1.84,56.99,1.86,10.0,-4.4,4.6,2.49,54.24,5.46,19.5,-6.6,21.0,2.59,59.73
울산,2019,1,0.0,2.27,10.9,-3.0,0.0,2.67,30.51,0.04,9.5,-8.5,0.0,2.9,30.44,7.49,17.0,-0.8,2.5,1.84,56.99,1.86,10.0,-4.4,4.6,2.49,54.24
울산,2019,2,1.0,3.44,10.9,-4.3,7.1,2.61,51.16,2.27,10.9,-3.0,0.0,2.67,30.51,0.04,9.5,-8.5,0.0,2.9,30.44,7.49,17.0,-0.8,2.5,1.84,56.99
울산,2019,3,1.0,4.03,13.9,-5.3,0.1,2.67,41.74,3.44,10.9,-4.3,7.1,2.61,51.16,2.27,10.9,-3.0,0.0,2.67,30.51,0.04,9.5,-8.5,0.0,2.9,30.44
울산,2019,4,0.0,3.53,11.9,-3.5,0.0,2.31,30.37,4.03,13.9,-5.3,0.1,2.67,41.74,3.44,10.9,-4.3,7.1,2.61,51.16,2.27,10.9,-3.0,0.0,2.67,30.51
울산,2019,5,1.0,4.67,17.6,-3.9,15.0,2.26,52.89,3.53,11.9,-3.5,0.0,2.31,30.37,4.03,13.9,-5.3,0.1,2.67,41.74,3.44,10.9,-4.3,7.1,2.61,51.16
울산,2019,6,0.0,4.49,15.7,-2.9,1.5,2.61,38.26,4.67,17.6,-3.9,15.0,2.26,52.89,3.53,11.9,-3.5,0.0,2.31,30.37,4.03,13.9,-5.3,0.1,2.67,41.74
울산,2019,7,0.0,2.63,12.0,-3.8,1.8,2.49,45.07,4.49,15.7,-2.9,1.5,2.61,38.26,4.67,17.6,-3.9,15.0,2.26,52.89,3.53,11.9,-3.5,0.0,2.31,30.37
울산,2019,8,0.0,6.03,14.4,0.1,28.7,2.2,62.7,2.63,12.0,-3.8,1.8,2.49,45.07,4.49,15.7,-2.9,1.5,2.61,38.26,4.67,17.6,-3.9,15.0,2.26,52.89
울산,2019,9,0.0,9.24,15.0,3.1,0.1,2.06,62.57,6.03,14.4,0.1,28.7,2.2,62.7,2.63,12.0,-3.8,1.8,2.49,45.07,4.49,15.7,-2.9,1.5,2.61,38.26
울산,2019,10,1.0,9.56,17.8,2.1,22.6,2.1,69.37,9.24,15.0,3.1,0.1,2.06,62.57,6.03,14.4,0.1,28.7,2.2,62.7,2.63,12.0,-3.8,1.8,2.49,45.07
울산,2019,11,0.0,7.81,16.6,-0.5,5.0,2.46,47.99,9.56,17.8,2.1,22.6,2.1,69.37,9.24,15.0,3.1,0.1,2.06,62.57,6.03,14.4,0.1,28.7,2.2,62.7
울산,2019,12,0.0,10.7,22.2,0.2,10.3,2.59,51.51,7.81,16.6,-0.5,5.0,2.46,47.99,9.56,17.8,2.1,22.6,2.1,69.37,9.24,15.0,3.1,0.1,2.06,62.57
울산,2019,13,0.0,11.54,22.5,3.0,2.8,2.51,51.3,10.7,22.2,0.2,10.3,2.59,51.51,7.81,16.6,-0.5,5.0,2.46,47.99,9.56,17.8,2.1,22.6,2.1,69.37
울산,2019,14,0.0,11.5,23.4,1.1,0.0,2.5,38.84,11.54,22.5,3.0,2.8,2.51,51.3,10.7,22.2,0.2,10.3,2.59,51.51,7.81,16.6,-0.5,5.0,2.46,47.99
울산,2019,15,0.0,10.83,21.3,5.0,26.4,2.34,63.1,11.5,23.4,1.1,0.0,2.5,38.84,11.54,22.5,3.0,2.8,2.51,51.3,10.7,22.2,0.2,10.3,2.59,51.51
울산,2019,16,0.0,15.1,25.9,6.2,0.0,1.83,54.74,10.83,21.3,5.0,26.4,2.34,63.1,11.5,23.4,1.1,0.0,2.5,38.84,11.54,22.5,3.0,2.8,2.51,51.3
울산,2019,17,2.0,13.67,22.0,6.5,20.3,1.84,80.86,15.1,25.9,6.2,0.0,1.83,54.74,10.83,21.3,5.0,26.4,2.34,63.1,11.5,23.4,1.1,0.0,2.5,38.84
울산,2019,18,1.0,16.94,28.7,9.8,42.2,1.67,67.27,13.67,22.0,6.5,20.3,1.84,80.86,15.1,25.9,6.2,0.0,1.83,54.74,10.83,21.3,5.0,26.4,2.34,63.1
울산,2019,19,0.0,17.44,26.4,6.6,0.0,1.93,45.64,16.94,28.7,9.8,42.2,1.67,67.27,13.67,22.0,6.5,20.3,1.84,80.86,15.1,25.9,6.2,0.0,1.83,54.74
울산,2019,20,0.0,19.41,26.0,10.8,14.1,1.54,77.11,17.44,26.4,6.6,0.0,1.93,45.64,16.94,28.7,9.8,42.2,1.67,67.27,13.67,22.0,6.5,20.3,1.84,80.86
울산,2019,21,2.0,22.57,31.7,11.3,1.8,1.99,44.07,19.41,26.0,10.8,14.1,1.54,77.11,17.44,26.4,6.6,0.0,1.93,45.64,16.94,28.7,9.8,42.2,1.67,67.27
울산,2019,22,1.0,20.5,29.9,12.2,19.1,2.03,57.61,22.57,31.7,11.3,1.8,1.99,44.07,19.41,26.0,10.8,14.1,1.54,77.11,17.44,26.4,6.6,0.0,1.93,45.64
울산,2019,23,0.0,20.73,29.7,15.3,46.2,1.8,74.77,20.5,29.9,12.2,19.1,2.03,57.61,22.57,31.7,11.3,1.8,1.99,44.07,19.41,26.0,10.8,14.1,1.54,77.11
울산,2019,24,3.0,18.66,26.5,13.3,23.0,1.87,80.96,20.73,29.7,15.3,46.2,1.8,74.77,20.5,29.9,12.2,19.1,2.03,57.61,22.57,31.7,11.3,1.8,1.99,44.07
울산,2019,25,0.0,22.0,29.0,15.6,4.7,1.7,77.63,18.66,26.5,13.3,23.0,1.87,80.96,20.73,29.7,15.3,46.2,1.8,74.77,20.5,29.9,12.2,19.1,2.03,57.61
울산,2019,26,0.0,21.7,29.5,16.5,173.6,1.36,89.99,22.0,29.0,15.6,4.7,1.7,77.63,18.66,26.5,13.3,23.0,1.87,80.96,20.73,29.7,15.3,46.2,1.8,74.77
울산,2019,27,1.0,23.61,30.0,18.5,0.1,1.76,78.03,21.7,29.5,16.5,173.6,1.36,89.99,22.0,29.0,15.6,4.7,1.7,77.63,18.66,26.5,13.3,23.0,1.87,80.96
울산,2019,28,0.0,22.36,28.5,19.0,41.1,1.81,86.61,23.61,30.0,18.5,0.1,1.76,78.03,21.7,29.5,16.5,173.6,1.36,89.99,22.0,29.0,15.6,4.7,1.7,77.63
울산,2019,29,0.0,23.49,29.3,19.4,160.9,2.19,91.63,22.36,28.5,19.0,41.1,1.81,86.61,23.61,30.0,18.5,0.1,1.76,78.03,21.7,29.5,16.5,173.6,1.36,89.99
울산,2019,30,0.0,27.91,33.8,22.9,4.4,2.17,82.49,23.49,29.3,19.4,160.9,2.19,91.63,22.36,28.5,19.0,41.1,1.81,86.61,23.61,30.0,18.5,0.1,1.76,78.03
울산,2019,31,1.0,28.86,35.0,23.6,0.0,1.99,75.91,27.91,33.8,22.9,4.4,2.17,82.49,23.49,29.3,19.4,160.9,2.19,91.63,22.36,28.5,19.0,41.1,1.81,86.61
울산,2019,32,0.0,27.61,33.3,22.7,92.4,2.11,82.4,28.86,35.0,23.6,0.0,1.99,75.91,27.91,33.8,22.9,4.4,2.17,82.49,23.49,29.3,19.4,160.9,2.19,91.63
울산,2019,33,0.0,27.74,33.2,22.0,18.2,2.24,82.34,27.61,33.3,22.7,92.4,2.11,82.4,28.86,35.0,23.6,0.0,1.99,75.91,27.91,33.8,22.9,4.4,2.17,82.49
울산,2019,34,1.0,24.89,29.7,19.4,75.8,1.54,84.57,27.74,33.2,22.0,18.2,2.24,82.34,27.61,33.3,22.7,92.4,2.11,82.4,28.86,35.0,23.6,0.0,1.99,75.91
울산,2019,35,0.0,23.29,29.5,18.6,10.8,1.24,84.36,24.89,29.7,19.4,75.8,1.54,84.57,27.74,33.2,22.0,18.2,2.24,82.34,27.61,33.3,22.7,92.4,2.11,82.4
울산,2019,36,2.0,24.41,30.5,19.8,49.8,1.49,92.93,23.29,29.5,18.6,10.8,1.24,84.36,24.89,29.7,19.4,75.8,1.54,84.57,27.74,33.2,22.0,18.2,2.24,82.34
울산,2019,37,0.0,23.93,31.8,17.2,3.0,1.99,82.37,24.41,30.5,19.8,49.8,1.49,92.93,23.29,29.5,18.6,10.8,1.24,84.36,24.89,29.7,19.4,75.8,1.54,84.57
울산,2019,38,0.0,20.29,28.6,14.6,223.3,2.86,78.41,23.93,31.8,17.2,3.0,1.99,82.37,24.41,30.5,19.8,49.8,1.49,92.93,23.29,29.5,18.6,10.8,1.24,84.36
울산,2019,39,2.0,20.59,29.7,12.4,8.3,1.49,86.71,20.29,28.6,14.6,223.3,2.86,78.41,23.93,31.8,17.2,3.0,1.99,82.37,24.41,30.5,19.8,49.8,1.49,92.93
울산,2019,40,2.0,21.66,28.8,13.8,174.1,2.0,86.13,20.59,29.7,12.4,8.3,1.49,86.71,20.29,28.6,14.6,223.3,2.86,78.41,23.93,31.8,17.2,3.0,1.99,82.37
울산,2019,41,3.0,17.51,24.8,10.3,2.1,2.51,69.49,21.66,28.8,13.8,174.1,2.0,86.13,20.59,29.7,12.4,8.3,1.49,86.71,20.29,28.6,14.6,223.3,2.86,78.41
울산,2019,42,3.0,15.94,23.1,9.7,36.8,2.01,82.89,17.51,24.8,10.3,2.1,2.51,69.49,21.66,28.8,13.8,174.1,2.0,86.13,20.59,29.7,12.4,8.3,1.49,86.71
울산,2019,43,4.0,16.57,22.6,8.8,10.8,2.46,74.53,15.94,23.1,9.7,36.8,2.01,82.89,17.51,24.8,10.3,2.1,2.51,69.49,21.66,28.8,13.8,174.1,2.0,86.13
울산,2019,44,8.0,14.99,22.8,6.0,0.8,1.7,65.79,16.57,22.6,8.8,10.8,2.46,74.53,15.94,23.1,9.7,36.8,2.01,82.89,17.51,24.8,10.3,2.1,2.51,69.49
울산,2019,45,18.0,12.74,20.4,5.7,7.1,1.91,60.1,14.99,22.8,6.0,0.8,1.7,65.79,16.57,22.6,8.8,10.8,2.46,74.53,15.94,23.1,9.7,36.8,2.01,82.89
울산,2019,46,29.0,11.81,20.5,0.0,0.5,1.87,61.71,12.74,20.4,5.7,7.1,1.91,60.1,14.99,22.8,6.0,0.8,1.7,65.79,16.57,22.6,8.8,10.8,2.46,74.53
울산,2019,47,15.0,10.16,21.2,0.0,10.1,2.01,62.71,11.81,20.5,0.0,0.5,1.87,61.71,12.74,20.4,5.7,7.1,1.91,60.1,14.99,22.8,6.0,0.8,1.7,65.79
울산,2019,48,19.0,7.99,15.8,2.9,39.7,2.26,77.49,10.16,21.2,0.0,10.1,2.01,62.71,11.81,20.5,0.0,0.5,1.87,61.71,12.74,20.4,5.7,7.1,1.91,60.1
울산,2019,49,10.0,3.21,10.2,-5.2,1.5,2.23,48.2,7.99,15.8,2.9,39.7,2.26,77.49,10.16,21.2,0.0,10.1,2.01,62.71,11.81,20.5,0.0,0.5,1.87,61.71
울산,2019,50,6.0,7.0,17.5,-1.2,0.0,1.84,50.03,3.21,10.2,-5.2,1.5,2.23,48.2,7.99,15.8,2.9,39.7,2.26,77.49,10.16,21.2,0.0,10.1,2.01,62.71
울산,2019,51,3.0,6.43,18.7,-1.7,0.0,2.14,57.86,7.0,17.5,-1.2,0.0,1.84,50.03,3.21,10.2,-5.2,1.5,2.23,48.2,7.99,15.8,2.9,39.7,2.26,77.49
울산,2019,52,2.0,5.14,15.3,-1.5,9.1,1.97,56.14,6.43,18.7,-1.7,0.0,2.14,57.86,7.0,17.5,-1.2,0.0,1.84,50.03,3.21,10.2,-5.2,1.5,2.23,48.2
울산,2020,1,1.0,4.0,13.9,-4.0,3.0,2.6,51.01,5.14,15.3,-1.5,9.1,1.97,56.14,6.43,18.7,-1.7,0.0,2.14,57.86,7.0,17.5,-1.2,0.0,1.84,50.03
울산,2020,2,1.0,6.21,18.4,-1.1,40.6,2.36,63.91,4.0,13.9,-4.0,3.0,2.6,51.01,5.14,15.3,-1.5,9.1,1.97,56.14,6.43,18.7,-1.7,0.0,2.14,57.86
울산,2020,3,0.0,2.96,9.8,-2.6,0.8,2.5,46.36,6.21,18.4,-1.1,40.6,2.36,63.91,4.0,13.9,-4.0,3.0,2.6,51.01,5.14,15.3,-1.5,9.1,1.97,56.14
울산,2020,4,0.0,6.44,12.9,-1.6,18.7,1.99,71.99,2.96,9.8,-2.6,0.8,2.5,46.36,6.21,18.4,-1.1,40.6,2.36,63.91,4.0,13.9,-4.0,3.0,2.6,51.01
울산,2020,5,0.0,5.94,11.6,-1.2,118.6,2.77,69.59,6.44,12.9,-1.6,18.7,1.99,71.99,2.96,9.8,-2.6,0.8,2.5,46.36,6.21,18.4,-1.1,40.6,2.36,63.91
울산,2020,6,0.0,2.37,9.7,-6.8,0.0,2.6,43.14,5.94,11.6,-1.2,118.6,2.77,69.59,6.44,12.9,-1.6,18.7,1.99,71.99,2.96,9.8,-2.6,0.8,2.5,46.36
울산,2020,7,0.0,9.46,17.8,0.3,19.5,1.87,73.36,2.37,9.7,-6.8,0.0,2.6,43.14,5.94,11.6,-1.2,118.6,2.77,69.59,6.44,12.9,-1.6,18.7,1.99,71.99
울산,2020,8,0.0,5.36,15.5,-5.2,1.3,2.37,46.96,9.46,17.8,0.3,19.5,1.87,73.36,2.37,9.7,-6.8,0.0,2.6,43.14,5.94,11.6,-1.2,118.6,2.77,69.59
울산,2020,9,0.0,7.76,19.0,1.5,32.8,1.84,76.0,5.36,15.5,-5.2,1.3,2.37,46.96,9.46,17.8,0.3,19.5,1.87,73.36,2.37,9.7,-6.8,0.0,2.6,43.14
울산,2020,10,0.0,6.79,14.7,-1.5,0.4,2.1,60.67,7.76,19.0,1.5,32.8,1.84,76.0,5.36,15.5,-5.2,1.3,2.37,46.96,9.46,17.8,0.3,19.5,1.87,73.36
울산,2020,11,0.0,8.47,17.1,2.2,25.0,2.41,51.3,6.79,14.7,-1.5,0.4,2.1,60.67,7.76,19.0,1.5,32.8,1.84,76.0,5.36,15.5,-5.2,1.3,2.37,46.96
울산,2020,12,1.0,11.84,23.6,0.1,0.0,2.79,45.57,8.47,17.1,2.2,25.0,2.41,51.3,6.79,14.7,-1.5,0.4,2.1,60.67,7.76,19.0,1.5,32.8,1.84,76.0
울산,2020,13,0.0,11.11,19.3,5.0,16.2,2.13,70.27,11.84,23.6,0.1,0.0,2.79,45.57,8.47,17.1,2.2,25.0,2.41,51.3,6.79,14.7,-1.5,0.4,2.1,60.67
울산,2020,14,0.0,11.17,20.5,3.7,0.8,2.14,57.93,11.11,19.3,5.0,16.2,2.13,70.27,11.84,23.6,0.1,0.0,2.79,45.57,8.47,17.1,2.2,25.0,2.41,51.3
울산,2020,15,0.0,10.93,21.1,2.9,19.0,2.34,57.09,11.17,20.5,3.7,0.8,2.14,57.93,11.11,19.3,5.0,16.2,2.13,70.27,11.84,23.6,0.1,0.0,2.79,45.57
울산,2020,16,0.0,12.43,23.2,4.1,52.6,2.3,65.01,10.93,21.1,2.9,19.0,2.34,57.09,11.17,20.5,3.7,0.8,2.14,57.93,11.11,19.3,5.0,16.2,2.13,70.27
울산,2020,17,0.0,12.24,21.4,4.1,0.8,3.13,44.2,12.43,23.2,4.1,52.6,2.3,65.01,10.93,21.1,2.9,19.0,2.34,57.09,11.17,20.5,3.7,0.8,2.14,57.93
울산,2020,18,0.0,17.5,28.5,6.1,7.2,2.14,63.51,12.24,21.4,4.1,0.8,3.13,44.2,12.43,23.2,4.1,52.6,2.3,65.01,10.93,21.1,2.9,19.0,2.34,57.09
울산,2020,19,0.0,17.0,26.9,9.2,24.3,2.13,78.19,17.5,28.5,6.1,7.2,2.14,63.51,12.24,21.4,4.1,0.8,3.13,44.2,12.43,23.2,4.1,52.6,2.3,65.01
울산,2020,20,1.0,18.97,28.7,11.3,11.9,1.96,62.59,17.0,26.9,9.2,24.3,2.13,78.19,17.5,28.5,6.1,7.2,2.14,63.51,12.24,21.4,4.1,0.8,3.13,44.2
울산,2020,21,0.0,16.11,27.5,10.5,8.1,1.81,79.56,18.97,28.7,11.3,11.9,1.96,62.59,17.0,26.9,9.2,24.3,2.13,78.19,17.5,28.5,6.1,7.2,2.14,63.51
울산,2020,22,1.0,19.61,26.3,13.1,0.0,1.66,63.59,16.11,27.5,10.5,8.1,1.81,79.56,18.97,28.7,11.3,11.9,1.96,62.59,17.0,26.9,9.2,24.3,2.13,78.19
울산,2020,23,0.0,22.2,29.9,14.8,0.0,1.73,62.91,19.61,26.3,13.1,0.0,1.66,63.59,16.11,27.5,10.5,8.1,1.81,79.56,18.97,28.7,11.3,11.9,1.96,62.59
울산,2020,24,0.0,23.7,29.4,15.9,63.2,1.41,78.69,22.2,29.9,14.8,0.0,1.73,62.91,19.61,26.3,13.1,0.0,1.66,63.59,16.11,27.5,10.5,8.1,1.81,79.56
울산,2020,25,1.0,21.51,31.0,16.0,23.6,1.91,75.17,23.7,29.4,15.9,63.2,1.41,78.69,22.2,29.9,14.8,0.0,1.73,62.91,19.61,26.3,13.1,0.0,1.66,63.59
울산,2020,26,1.0,23.53,30.9,15.8,21.6,1.4,80.27,21.51,31.0,16.0,23.6,1.91,75.17,23.7,29.4,15.9,63.2,1.41,78.69,22.2,29.9,14.8,0.0,1.73,62.91
울산,2020,27,1.0,21.26,27.9,17.6,114.9,1.83,86.1,23.53,30.9,15.8,21.6,1.4,80.27,21.51,31.0,16.0,23.6,1.91,75.17,23.7,29.4,15.9,63.2,1.41,78.69
울산,2020,28,1.0,22.54,29.8,18.4,83.6,1.43,91.5,21.26,27.9,17.6,114.9,1.83,86.1,23.53,30.9,15.8,21.6,1.4,80.27,21.51,31.0,16.0,23.6,1.91,75.17
울산,2020,29,2.0,20.34,26.8,15.6,116.1,1.53,91.51,22.54,29.8,18.4,83.6,1.43,91.5,21.26,27.9,17.6,114.9,1.83,86.1,23.53,30.9,15.8,21.6,1.4,80.27
울산,2020,30,0.0,23.74,31.5,20.2,188.6,1.91,89.21,20.34,26.8,15.6,116.1,1.53,91.51,22.54,29.8,18.4,83.6,1.43,91.5,21.26,27.9,17.6,114.9,1.83,86.1
울산,2020,31,0.0,24.69,33.3,20.9,105.3,1.43,90.56,23.74,31.5,20.2,188.6,1.91,89.21,20.34,26.8,15.6,116.1,1.53,91.51,22.54,29.8,18.4,83.6,1.43,91.5
울산,2020,32,0.0,26.94,32.3,22.7,66.5,2.57,86.4,24.69,33.3,20.9,105.3,1.43,90.56,23.74,31.5,20.2,188.6,1.91,89.21,20.34,26.8,15.6,116.1,1.53,91.51
울산,2020,33,0.0,28.69,35.5,23.8,10.2,2.46,81.54,26.94,32.3,22.7,66.5,2.57,86.4,24.69,33.3,20.9,105.3,1.43,90.56,23.74,31.5,20.2,188.6,1.91,89.21
울산,2020,34,0.0,27.29,34.9,22.6,2.3,1.47,80.57,28.69,35.5,23.8,10.2,2.46,81.54,26.94,32.3,22.7,66.5,2.57,86.4,24.69,33.3,20.9,105.3,1.43,90.56
울산,2020,35,0.0,27.76,33.2,23.0,44.6,2.04,85.36,27.29,34.9,22.6,2.3,1.47,80.57,28.69,35.5,23.8,10.2,2.46,81.54,26.94,32.3,22.7,66.5,2.57,86.4
울산,2020,36,2.0,23.77,30.2,17.3,115.5,2.9,85.89,27.76,33.2,23.0,44.6,2.04,85.36,27.29,34.9,22.6,2.3,1.47,80.57,28.69,35.5,23.8,10.2,2.46,81.54
울산,2020,37,1.0,22.39,28.8,18.1,132.1,2.8,83.87,23.77,30.2,17.3,115.5,2.9,85.89,27.76,33.2,23.0,44.6,2.04,85.36,27.29,34.9,22.6,2.3,1.47,80.57
울산,2020,38,0.0,20.93,27.2,13.8,7.6,1.49,79.96,22.39,28.8,18.1,132.1,2.8,83.87,23.77,30.2,17.3,115.5,2.9,85.89,27.76,33.2,23.0,44.6,2.04,85.36
울산,2020,39,1.0,19.23,23.5,12.3,1.3,2.94,76.23,20.93,27.2,13.8,7.6,1.49,79.96,22.39,28.8,18.1,132.1,2.8,83.87,23.77,30.2,17.3,115.5,2.9,85.89
울산,2020,40,0.0,19.26,26.1,13.4,0.4,1.64,79.39,19.23,23.5,12.3,1.3,2.94,76.23,20.93,27.2,13.8,7.6,1.49,79.96,22.39,28.8,18.1,132.1,2.8,83.87
울산,2020,41,0.0,17.06,21.0,11.4,0.0,3.1,63.67,19.26,26.1,13.4,0.4,1.64,79.39,19.23,23.5,12.3,1.3,2.94,76.23,20.93,27.2,13.8,7.6,1.49,79.96
울산,2020,42,4.0,15.51,23.3,9.2,0.0,1.99,65.16,17.06,21.0,11.4,0.0,3.1,63.67,19.26,26.1,13.4,0.4,1.64,79.39,19.23,23.5,12.3,1.3,2.94,76.23
울산,2020,43,13.0,14.27,21.3,7.0,18.5,2.09,61.96,15.51,23.3,9.2,0.0,1.99,65.16,17.06,21.0,11.4,0.0,3.1,63.67,19.26,26.1,13.4,0.4,1.64,79.39
울산,2020,44,19.0,14.04,22.0,7.9,0.1,1.73,65.41,14.27,21.3,7.0,18.5,2.09,61.96,15.51,23.3,9.2,0.0,1.99,65.16,17.06,21.0,11.4,0.0,3.1,63.67
울산,2020,45,35.0,11.97,22.7,3.8,4.5,1.93,47.44,14.04,22.0,7.9,0.1,1.73,65.41,14.27,21.3,7.0,18.5,2.09,61.96,15.51,23.3,9.2,0.0,1.99,65.16
울산,2020,46,52.0,11.53,20.6,3.8,0.0,1.84,58.81,11.97,22.7,3.8,4.5,1.93,47.44,14.04,22.0,7.9,0.1,1.73,65.41,14.27,21.3,7.0,18.5,2.09,61.96
울산,2020,47,41.0,13.97,23.1,2.5,33.1,2.19,78.73,11.53,20.6,3.8,0.0,1.84,58.81,11.97,22.7,3.8,4.5,1.93,47.44,14.04,22.0,7.9,0.1,1.73,65.41
울산,2020,48,32.0,7.13,14.8,0.2,0.0,2.61,52.24,13.97,23.1,2.5,33.1,2.19,78.73,11.53,20.6,3.8,0.0,1.84,58.81,11.97,22.7,3.8,4.5,1.93,47.44
울산,2020,49,12.0,5.03,12.2,-0.6,0.0,2.4,44.96,7.13,14.8,0.2,0.0,2.61,52.24,13.97,23.1,2.5,33.1,2.19,78.73,11.53,20.6,3.8,0.0,1.84,58.81
울산,2020,50,7.0,5.99,12.8,-1.0,0.0,2.07,46.47,5.03,12.2,-0.6,0.0,2.4,44.96,7.13,14.8,0.2,0.0,2.61,52.24,13.97,23.1,2.5,33.1,2.19,78.73
울산,2020,51,5.0,-0.86,8.1,-6.8,0.0,2.96,33.24,5.99,12.8,-1.0,0.0,2.07,46.47,5.03,12.2,-0.6,0.0,2.4,44.96,7.13,14.8,0.2,0.0,2.61,52.24
울산,2020,52,0.0,4.54,12.8,-2.5,1.4,1.89,53.26,-0.86,8.1,-6.8,0.0,2.96,33.24,5.99,12.8,-1.0,0.0,2.07,46.47,5.03,12.2,-0.6,0.0,2.4,44.96
울산,2020,53,0.0,0.76,15.6,-8.9,4.3,2.66,52.99,4.54,12.8,-2.5,1.4,1.89,53.26,-0.86,8.1,-6.8,0.0,2.96,33.24,5.99,12.8,-1.0,0.0,2.07,46.47
울산,2021,1,0.0,-3.87,6.5,-12.2,0.2,2.99,40.47,0.76,15.6,-8.9,4.3,2.66,52.99,4.54,12.8,-2.5,1.4,1.89,53.26,-0.86,8.1,-6.8,0.0,2.96,33.24
울산,2021,2,0.0,3.47,16.3,-5.1,0.0,2.46,50.4,-3.87,6.5,-12.2,0.2,2.99,40.47,0.76,15.6,-8.9,4.3,2.66,52.99,4.54,12.8,-2.5,1.4,1.89,53.26
울산,2021,3,0.0,5.47,13.6,-6.4,9.2,2.11,66.53,3.47,16.3,-5.1,0.0,2.46,50.4,-3.87,6.5,-12.2,0.2,2.99,40.47,0.76,15.6,-8.9,4.3,2.66,52.99
울산,2021,4,0.0,4.3,11.9,-7.0,11.2,2.5,55.41,5.47,13.6,-6.4,9.2,2.11,66.53,3.47,16.3,-5.1,0.0,2.46,50.4,-3.87,6.5,-12.2,0.2,2.99,40.47
울산,2021,5,1.0,5.41,15.5,-4.6,12.1,2.29,41.69,4.3,11.9,-7.0,11.2,2.5,55.41,5.47,13.6,-6.4,9.2,2.11,66.53,3.47,16.3,-5.1,0.0,2.46,50.4
울산,2021,6,0.0,6.77,18.7,-3.8,9.0,1.89,54.3,5.41,15.5,-4.6,12.1,2.29,41.69,4.3,11.9,-7.0,11.2,2.5,55.41,5.47,13.6,-6.4,9.2,2.11,66.53
울산,2021,7,0.0,5.19,23.4,-7.9,0.5,3.34,43.36,6.77,18.7,-3.8,9.0,1.89,54.3,5.41,15.5,-4.6,12.1,2.29,41.69,4.3,11.9,-7.0,11.2,2.5,55.41
울산,2021,8,0.0,8.76,23.9,1.7,7.2,2.46,58.89,5.19,23.4,-7.9,0.5,3.34,43.36,6.77,18.7,-3.8,9.0,1.89,54.3,5.41,15.5,-4.6,12.1,2.29,41.69
울산,2021,9,0.0,7.2,17.1,-0.8,69.7,2.31,80.96,8.76,23.9,1.7,7.2,2.46,58.89,5.19,23.4,-7.9,0.5,3.34,43.36,6.77,18.7,-3.8,9.0,1.89,54.3
울산,2021,10,0.0,8.94,17.0,0.8,29.4,2.24,73.0,7.2,17.1,-0.8,69.7,2.31,80.96,8.76,23.9,1.7,7.2,2.46,58.89,5.19,23.4,-7.9,0.5,3.34,43.36
울산,2021,11,0.0,11.26,21.6,5.3,5.0,2.43,70.51,8.94,17.0,0.8,29.4,2.24,73.0,7.2,17.1,-0.8,69.7,2.31,80.96,8.76,23.9,1.7,7.2,2.46,58.89
울산,2021,12,0.0,13.1,21.9,3.6,34.8,2.59,54.31,11.26,21.6,5.3,5.0,2.43,70.51,8.94,17.0,0.8,29.4,2.24,73.0,7.2,17.1,-0.8,69.7,2.31,80.96
울산,2021,13,0.0,13.39,20.5,6.1,50.5,2.36,67.31,13.1,21.9,3.6,34.8,2.59,54.31,11.26,21.6,5.3,5.0,2.43,70.51,8.94,17.0,0.8,29.4,2.24,73.0
울산,2021,14,1.0,11.36,19.2,3.1,5.1,2.17,62.16,13.39,20.5,6.1,50.5,2.36,67.31,13.1,21.9,3.6,34.8,2.59,54.31,11.26,21.6,5.3,5.0,2.43,70.51
울산,2021,15,0.0,13.13,21.1,5.7,18.2,2.41,61.14,11.36,19.2,3.1,5.1,2.17,62.16,13.39,20.5,6.1,50.5,2.36,67.31,13.1,21.9,3.6,34.8,2.59,54.31
울산,2021,16,0.0,16.23,25.7,9.5,0.0,2.33,53.6,13.13,21.1,5.7,18.2,2.41,61.14,11.36,19.2,3.1,5.1,2.17,62.16,13.39,20.5,6.1,50.5,2.36,67.31
울산,2021,17,0.0,14.64,23.9,6.4,9.0,2.14,61.49,16.23,25.7,9.5,0.0,2.33,53.6,13.13,21.1,5.7,18.2,2.41,61.14,11.36,19.2,3.1,5.1,2.17,62.16
울산,2021,18,0.0,17.73,24.8,7.2,18.7,2.56,49.66,14.64,23.9,6.4,9.0,2.14,61.49,16.23,25.7,9.5,0.0,2.33,53.6,13.13,21.1,5.7,18.2,2.41,61.14
울산,2021,19,0.0,17.57,25.6,12.7,38.0,1.59,77.7,17.73,24.8,7.2,18.7,2.56,49.66,14.64,23.9,6.4,9.0,2.14,61.49,16.23,25.7,9.5,0.0,2.33,53.6
울산,2021,20,0.0,18.24,30.5,13.1,21.8,1.44,80.91,17.57,25.6,12.7,38.0,1.59,77.7,17.73,24.8,7.2,18.7,2.56,49.66,14.64,23.9,6.4,9.0,2.14,61.49
울산,2021,21,0.0,18.86,26.0,12.1,32.4,1.96,62.16,18.24,30.5,13.1,21.8,1.44,80.91,17.57,25.6,12.7,38.0,1.59,77.7,17.73,24.8,7.2,18.7,2.56,49.66
울산,2021,22,0.0,20.77,28.8,14.1,28.0,1.57,72.46,18.86,26.0,12.1,32.4,1.96,62.16,18.24,30.5,13.1,21.8,1.44,80.91,17.57,25.6,12.7,38.0,1.59,77.7
울산,2021,23,0.0,22.59,29.8,16.9,38.1,1.37,78.41,20.77,28.8,14.1,28.0,1.57,72.46,18.86,26.0,12.1,32.4,1.96,62.16,18.24,30.5,13.1,21.8,1.44,80.91
울산,2021,24,0.0,21.04,28.4,16.8,28.0,1.81,87.6,22.59,29.8,16.9,38.1,1.37,78.41,20.77,28.8,14.1,28.0,1.57,72.46,18.86,26.0,12.1,32.4,1.96,62.16
울산,2021,25,1.0,21.39,29.3,16.7,0.3,1.57,80.94,21.04,28.4,16.8,28.0,1.81,87.6,22.59,29.8,16.9,38.1,1.37,78.41,20.77,28.8,14.1,28.0,1.57,72.46
울산,2021,26,1.0,23.23,31.4,19.2,48.3,2.11,84.31,21.39,29.3,16.7,0.3,1.57,80.94,21.04,28.4,16.8,28.0,1.81,87.6,22.59,29.8,16.9,38.1,1.37,78.41
울산,2021,27,0.0,24.04,32.3,21.3,140.1,1.39,92.66,23.23,31.4,19.2,48.3,2.11,84.31,21.39,29.3,16.7,0.3,1.57,80.94,21.04,28.4,16.8,28.0,1.81,87.6
울산,2021,28,0.0,26.93,32.7,22.9,0.9,1.59,84.89,24.04,32.3,21.3,140.1,1.39,92.66,23.23,31.4,19.2,48.3,2.11,84.31,21.39,29.3,16.7,0.3,1.57,80.94
울산,2021,29,0.0,26.91,32.1,22.9,0.0,1.73,82.74,26.93,32.7,22.9,0.9,1.59,84.89,24.04,32.3,21.3,140.1,1.39,92.66,23.23,31.4,19.2,48.3,2.11,84.31
울산,2021,30,0.0,27.54,34.2,23.0,20.2,1.63,80.77,26.91,32.1,22.9,0.0,1.73,82.74,26.93,32.7,22.9,0.9,1.59,84.89,24.04,32.3,21.3,140.1,1.39,92.66
울산,2021,31,0.0,27.79,33.7,22.6,55.7,1.39,82.73,27.54,34.2,23.0,20.2,1.63,80.77,26.91,32.1,22.9,0.0,1.73,82.74,26.93,32.7,22.9,0.9,1.59,84.89
울산,2021,32,0.0,24.2,30.2,20.7,57.4,1.89,90.23,27.79,33.7,22.6,55.7,1.39,82.73,27.54,34.2,23.0,20.2,1.63,80.77,26.91,32.1,22.9,0.0,1.73,82.74
울산,2021,33,1.0,23.74,31.0,19.9,160.0,2.23,87.91,24.2,30.2,20.7,57.4,1.89,90.23,27.79,33.7,22.6,55.7,1.39,82.73,27.54,34.2,23.0,20.2,1.63,80.77
울산,2021,34,0.0,25.4,32.5,21.5,149.6,1.56,86.76,23.74,31.0,19.9,160.0,2.23,87.91,24.2,30.2,20.7,57.4,1.89,90.23,27.79,33.7,22.6,55.7,1.39,82.73
울산,2021,35,0.0,22.44,29.5,19.0,44.2,1.74,86.91,25.4,32.5,21.5,149.6,1.56,86.76,23.74,31.0,19.9,160.0,2.23,87.91,24.2,30.2,20.7,57.4,1.89,90.23
울산,2021,36,0.0,23.26,29.3,19.0,2.8,1.64,83.93,22.44,29.5,19.0,44.2,1.74,86.91,25.4,32.5,21.5,149.6,1.56,86.76,23.74,31.0,19.9,160.0,2.23,87.91
울산,2021,37,0.0,21.9,25.7,18.6,35.6,2.63,80.31,23.26,29.3,19.0,2.8,1.64,83.93,22.44,29.5,19.0,44.2,1.74,86.91,25.4,32.5,21.5,149.6,1.56,86.76
울산,2021,38,0.0,21.87,27.7,16.5,7.4,2.21,79.17,21.9,25.7,18.6,35.6,2.63,80.31,23.26,29.3,19.0,2.8,1.64,83.93,22.44,29.5,19.0,44.2,1.74,86.91
울산,2021,39,1.0,21.64,28.4,16.5,36.2,1.56,84.99,21.87,27.7,16.5,7.4,2.21,79.17,21.9,25.7,18.6,35.6,2.63,80.31,23.26,29.3,19.0,2.8,1.64,83.93
울산,2021,40,1.0,22.94,30.5,18.1,8.0,1.8,84.61,21.64,28.4,16.5,36.2,1.56,84.99,21.87,27.7,16.5,7.4,2.21,79.17,21.9,25.7,18.6,35.6,2.63,80.31
울산,2021,41,4.0,16.61,25.2,4.1,40.3,2.23,80.89,22.94,30.5,18.1,8.0,1.8,84.61,21.64,28.4,16.5,36.2,1.56,84.99,21.87,27.7,16.5,7.4,2.21,79.17
울산,2021,42,7.0,12.06,20.4,5.4,0.7,1.83,70.01,16.61,25.2,4.1,40.3,2.23,80.89,22.94,30.5,18.1,8.0,1.8,84.61,21.64,28.4,16.5,36.2,1.56,84.99
울산,2021,43,15.0,14.67,21.5,8.6,0.0,1.8,60.24,12.06,20.4,5.4,0.7,1.83,70.01,16.61,25.2,4.1,40.3,2.23,80.89,22.94,30.5,18.1,8.0,1.8,84.61
울산,2021,44,13.0,14.56,21.0,7.4,2.4,1.87,65.81,14.67,21.5,8.6,0.0,1.8,60.24,12.06,20.4,5.4,0.7,1.83,70.01,16.61,25.2,4.1,40.3,2.23,80.89
울산,2021,45,20.0,9.99,21.0,3.7,25.3,1.89,61.66,14.56,21.0,7.4,2.4,1.87,65.81,14.67,21.5,8.6,0.0,1.8,60.24,12.06,20.4,5.4,0.7,1.83,70.01
울산,2021,46,45.0,12.26,19.7,5.4,0.0,1.33,60.54,9.99,21.0,3.7,25.3,1.89,61.66,14.56,21.0,7.4,2.4,1.87,65.81,14.67,21.5,8.6,0.0,1.8,60.24
울산,2021,47,54.0,7.91,16.5,1.4,0.0,2.03,49.19,12.26,19.7,5.4,0.0,1.33,60.54,9.99,21.0,3.7,25.3,1.89,61.66,14.56,21.0,7.4,2.4,1.87,65.81
울산,2021,48,46.0,6.13,17.8,-2.1,22.0,2.19,51.59,7.91,16.5,1.4,0.0,2.03,49.19,12.26,19.7,5.4,0.0,1.33,60.54,9.99,21.0,3.7,25.3,1.89,61.66
울산,2021,49,21.0,9.59,16.6,0.6,0.0,1.97,65.54,6.13,17.8,-2.1,22.0,2.19,51.59,7.91,16.5,1.4,0.0,2.03,49.19,12.26,19.7,5.4,0.0,1.33,60.54
울산,2021,50,9.0,3.13,15.4,-8.2,3.5,2.4,47.33,9.59,16.6,0.6,0.0,1.97,65.54,6.13,17.8,-2.1,22.0,2.19,51.59,7.91,16.5,1.4,0.0,2.03,49.19
울산,2021,51,2.0,3.91,15.3,-8.9,0.0,2.4,40.13,3.13,15.4,-8.2,3.5,2.4,47.33,9.59,16.6,0.6,0.0,1.97,65.54,6.13,17.8,-2.1,22.0,2.19,51.59
울산,2021,52,4.0,1.34,11.3,-7.4,0.0,2.33,37.0,3.91,15.3,-8.9,0.0,2.4,40.13,3.13,15.4,-8.2,3.5,2.4,47.33,9.59,16.6,0.6,0.0,1.97,65.54
울산,2022,1,1.0,4.01,11.5,-1.3,0.2,2.07,36.97,1.34,11.3,-7.4,0.0,2.33,37.0,3.91,15.3,-8.9,0.0,2.4,40.13,3.13,15.4,-8.2,3.5,2.4,47.33
울산,2022,2,1.0,0.9,11.8,-7.8,0.0,2.5,35.23,4.01,11.5,-1.3,0.2,2.07,36.97,1.34,11.3,-7.4,0.0,2.33,37.0,3.91,15.3,-8.9,0.0,2.4,40.13
울산,2022,3,2.0,1.93,12.5,-6.2,0.0,2.09,48.9,0.9,11.8,-7.8,0.0,2.5,35.23,4.01,11.5,-1.3,0.2,2.07,36.97,1.34,11.3,-7.4,0.0,2.33,37.0
울산,2022,4,0.0,3.96,10.1,-1.8,0.7,2.46,40.1,1.93,12.5,-6.2,0.0,2.09,48.9,0.9,11.8,-7.8,0.0,2.5,35.23,4.01,11.5,-1.3,0.2,2.07,36.97
울산,2022,5,1.0,0.74,9.1,-4.9,0.0,2.7,33.71,3.96,10.1,-1.8,0.7,2.46,40.1,1.93,12.5,-6.2,0.0,2.09,48.9,0.9,11.8,-7.8,0.0,2.5,35.23
울산,2022,6,0.0,4.69,11.9,-3.6,0.4,2.13,43.16,0.74,9.1,-4.9,0.0,2.7,33.71,3.96,10.1,-1.8,0.7,2.46,40.1,1.93,12.5,-6.2,0.0,2.09,48.9
울산,2022,7,0.0,1.09,12.1,-7.8,1.8,2.57,41.84,4.69,11.9,-3.6,0.4,2.13,43.16,0.74,9.1,-4.9,0.0,2.7,33.71,3.96,10.1,-1.8,0.7,2.46,40.1
울산,2022,8,0.0,3.11,13.8,-6.6,0.0,2.61,28.63,1.09,12.1,-7.8,1.8,2.57,41.84,4.69,11.9,-3.6,0.4,2.13,43.16,0.74,9.1,-4.9,0.0,2.7,33.71
울산,2022,9,0.0,8.21,16.9,0.0,0.1,2.51,36.44,3.11,13.8,-6.6,0.0,2.61,28.63,1.09,12.1,-7.8,1.8,2.57,41.84,4.69,11.9,-3.6,0.4,2.13,43.16
울산,2022,10,1.0,11.13,20.7,0.3,4.6,2.0,60.41,8.21,16.9,0.0,0.1,2.51,36.44,3.11,13.8,-6.6,0.0,2.61,28.63,1.09,12.1,-7.8,1.8,2.57,41.84
울산,2022,11,0.0,8.67,21.6,2.4,30.1,2.04,77.27,11.13,20.7,0.3,4.6,2.0,60.41,8.21,16.9,0.0,0.1,2.51,36.44,3.11,13.8,-6.6,0.0,2.61,28.63
울산,2022,12,0.0,11.0,22.6,2.8,20.7,2.3,59.09,8.67,21.6,2.4,30.1,2.04,77.27,11.13,20.7,0.3,4.6,2.0,60.41,8.21,16.9,0.0,0.1,2.51,36.44
울산,2022,13,0.0,9.96,20.6,2.5,0.0,2.13,59.2,11.0,22.6,2.8,20.7,2.3,59.09,8.67,21.6,2.4,30.1,2.04,77.27,11.13,20.7,0.3,4.6,2.0,60.41
울산,2022,14,0.0,15.24,26.1,4.9,0.6,1.89,46.73,9.96,20.6,2.5,0.0,2.13,59.2,11.0,22.6,2.8,20.7,2.3,59.09,8.67,21.6,2.4,30.1,2.04,77.27
울산,2022,15,0.0,13.7,25.8,6.4,0.6,2.43,67.03,15.24,26.1,4.9,0.6,1.89,46.73,9.96,20.6,2.5,0.0,2.13,59.2,11.0,22.6,2.8,20.7,2.3,59.09
울산,2022,16,1.0,17.1,25.6,8.8,2.2,1.84,49.61,13.7,25.8,6.4,0.6,2.43,67.03,15.24,26.1,4.9,0.6,1.89,46.73,9.96,20.6,2.5,0.0,2.13,59.2
울산,2022,17,0.0,15.11,27.5,8.7,77.6,2.01,71.6,17.1,25.6,8.8,2.2,1.84,49.61,13.7,25.8,6.4,0.6,2.43,67.03,15.24,26.1,4.9,0.6,1.89,46.73
울산,2022,18,0.0,16.1,25.5,4.9,6.1,1.74,62.67,15.11,27.5,8.7,77.6,2.01,71.6,17.1,25.6,8.8,2.2,1.84,49.61,13.7,25.8,6.4,0.6,2.43,67.03
울산,2022,19,0.0,16.73,24.6,10.5,0.0,1.91,64.47,16.1,25.5,4.9,6.1,1.74,62.67,15.11,27.5,8.7,77.6,2.01,71.6,17.1,25.6,8.8,2.2,1.84,49.61
울산,2022,20,0.0,20.94,31.8,11.6,0.0,1.9,44.01,16.73,24.6,10.5,0.0,1.91,64.47,16.1,25.5,4.9,6.1,1.74,62.67,15.11,27.5,8.7,77.6,2.01,71.6
울산,2022,21,1.0,22.96,31.7,14.8,0.0,1.81,48.57,20.94,31.8,11.6,0.0,1.9,44.01,16.73,24.6,10.5,0.0,1.91,64.47,16.1,25.5,4.9,6.1,1.74,62.67
울산,2022,22,0.0,21.14,28.8,16.4,53.8,1.77,61.94,22.96,31.7,14.8,0.0,1.81,48.57,20.94,31.8,11.6,0.0,1.9,44.01,16.73,24.6,10.5,0.0,1.91,64.47
울산,2022,23,1.0,18.11,25.4,12.7,12.5,1.89,80.26,21.14,28.8,16.4,53.8,1.77,61.94,22.96,31.7,14.8,0.0,1.81,48.57,20.94,31.8,11.6,0.0,1.9,44.01
울산,2022,24,0.0,22.01,30.8,15.0,25.7,1.8,78.27,18.11,25.4,12.7,12.5,1.89,80.26,21.14,28.8,16.4,53.8,1.77,61.94,22.96,31.7,14.8,0.0,1.81,48.57
울산,2022,25,0.0,25.8,31.5,20.9,6.9,2.41,79.04,22.01,30.8,15.0,25.7,1.8,78.27,18.11,25.4,12.7,12.5,1.89,80.26,21.14,28.8,16.4,53.8,1.77,61.94
울산,2022,26,0.0,27.14,33.3,22.4,48.2,2.61,77.53,25.8,31.5,20.9,6.9,2.41,79.04,22.01,30.8,15.0,25.7,1.8,78.27,18.11,25.4,12.7,12.5,1.89,80.26
울산,2022,27,1.0,27.11,32.6,23.6,0.0,1.64,81.54,27.14,33.3,22.4,48.2,2.61,77.53,25.8,31.5,20.9,6.9,2.41,79.04,22.01,30.8,15.0,25.7,1.8,78.27
울산,2022,28,0.0,25.17,33.2,21.0,32.2,1.34,83.56,27.11,32.6,23.6,0.0,1.64,81.54,27.14,33.3,22.4,48.2,2.61,77.53,25.8,31.5,20.9,6.9,2.41,79.04
울산,2022,29,0.0,25.09,32.6,20.0,85.9,1.33,84.09,25.17,33.2,21.0,32.2,1.34,83.56,27.11,32.6,23.6,0.0,1.64,81.54,27.14,33.3,22.4,48.2,2.61,77.53
울산,2022,30,0.0,25.81,31.0,21.8,6.9,1.63,87.61,25.09,32.6,20.0,85.9,1.33,84.09,25.17,33.2,21.0,32.2,1.34,83.56,27.11,32.6,23.6,0.0,1.64,81.54
울산,2022,31,1.0,29.57,35.2,25.8,0.2,2.17,76.74,25.81,31.0,21.8,6.9,1.63,87.61,25.09,32.6,20.0,85.9,1.33,84.09,25.17,33.2,21.0,32.2,1.34,83.56
울산,2022,32,0.0,28.49,34.1,24.3,9.1,2.43,77.29,29.57,35.2,25.8,0.2,2.17,76.74,25.81,31.0,21.8,6.9,1.63,87.61,25.09,32.6,20.0,85.9,1.33,84.09
울산,2022,33,1.0,26.06,34.4,21.2,48.0,1.99,81.76,28.49,34.1,24.3,9.1,2.43,77.29,29.57,35.2,25.8,0.2,2.17,76.74,25.81,31.0,21.8,6.9,1.63,87.61
울산,2022,34,0.0,23.37,30.7,17.1,41.3,1.57,74.54,26.06,34.4,21.2,48.0,1.99,81.76,28.49,34.1,24.3,9.1,2.43,77.29,29.57,35.2,25.8,0.2,2.17,76.74
울산,2022,35,1.0,22.07,29.0,19.1,86.0,1.61,91.09,23.37,30.7,17.1,41.3,1.57,74.54,26.06,34.4,21.2,48.0,1.99,81.76,28.49,34.1,24.3,9.1,2.43,77.29
울산,2022,36,0.0,22.76,28.3,16.0,161.5,2.34,75.6,22.07,29.0,19.1,86.0,1.61,91.09,23.37,30.7,17.1,41.3,1.57,74.54,26.06,34.4,21.2,48.0,1.99,81.76
울산,2022,37,0.0,23.61,28.9,19.5,20.7,2.37,83.43,22.76,28.3,16.0,161.5,2.34,75.6,22.07,29.0,19.1,86.0,1.61,91.09,23.37,30.7,17.1,41.3,1.57,74.54
울산,2022,38,0.0,19.3,27.6,12.5,56.4,2.34,68.21,23.61,28.9,19.5,20.7,2.37,83.43,22.76,28.3,16.0,161.5,2.34,75.6,22.07,29.0,19.1,86.0,1.61,91.09
울산,2022,39,0.0,20.57,29.5,14.6,0.1,1.21,77.4,19.3,27.6,12.5,56.4,2.34,68.21,23.61,28.9,19.5,20.7,2.37,83.43,22.76,28.3,16.0,161.5,2.34,75.6
울산,2022,40,0.0,17.99,27.6,12.4,28.5,2.27,80.4,20.57,29.5,14.6,0.1,1.21,77.4,19.3,27.6,12.5,56.4,2.34,68.21,23.61,28.9,19.5,20.7,2.37,83.43
울산,2022,41,0.0,16.5,25.0,9.5,0.0,2.1,65.96,17.99,27.6,12.4,28.5,2.27,80.4,20.57,29.5,14.6,0.1,1.21,77.4,19.3,27.6,12.5,56.4,2.34,68.21
울산,2022,42,1.0,14.46,23.3,6.2,0.0,1.99,51.19,16.5,25.0,9.5,0.0,2.1,65.96,17.99,27.6,12.4,28.5,2.27,80.4,20.57,29.5,14.6,0.1,1.21,77.4
울산,2022,43,15.0,13.7,21.7,8.7,1.9,2.03,69.49,14.46,23.3,6.2,0.0,1.99,51.19,16.5,25.0,9.5,0.0,2.1,65.96,17.99,27.6,12.4,28.5,2.27,80.4
울산,2022,44,33.0,12.6,22.3,3.8,0.0,2.04,50.63,13.7,21.7,8.7,1.9,2.03,69.49,14.46,23.3,6.2,0.0,1.99,51.19,16.5,25.0,9.5,0.0,2.1,65.96
울산,2022,45,72.0,14.49,22.7,4.4,17.8,1.59,65.61,12.6,22.3,3.8,0.0,2.04,50.63,13.7,21.7,8.7,1.9,2.03,69.49,14.46,23.3,6.2,0.0,1.99,51.19
울산,2022,46,67.0,12.01,19.0,4.5,0.0,1.83,60.24,14.49,22.7,4.4,17.8,1.59,65.61,12.6,22.3,3.8,0.0,2.04,50.63,13.7,21.7,8.7,1.9,2.03,69.49
울산,2022,47,45.0,12.81,20.5,4.7,3.2,1.93,59.03,12.01,19.0,4.5,0.0,1.83,60.24,14.49,22.7,4.4,17.8,1.59,65.61,12.6,22.3,3.8,0.0,2.04,50.63
울산,2022,48,30.0,6.37,22.7,-3.4,23.9,2.56,45.33,12.81,20.5,4.7,3.2,1.93,59.03,12.01,19.0,4.5,0.0,1.83,60.24,14.49,22.7,4.4,17.8,1.59,65.61
울산,2022,49,5.0,5.64,13.3,-1.8,0.3,2.17,43.31,6.37,22.7,-3.4,23.9,2.56,45.33,12.81,20.5,4.7,3.2,1.93,59.03,12.01,19.0,4.5,0.0,1.83,60.24
울산,2022,50,4.0,0.96,11.9,-7.6,2.4,2.39,45.69,5.64,13.3,-1.8,0.3,2.17,43.31,6.37,22.7,-3.4,23.9,2.56,45.33,12.81,20.5,4.7,3.2,1.93,59.03
울산,2022,51,4.0,-0.87,6.7,-8.8,7.0,2.63,48.17,0.96,11.9,-7.6,2.4,2.39,45.69,5.64,13.3,-1.8,0.3,2.17,43.31,6.37,22.7,-3.4,23.9,2.56,45.33
울산,2022,52,1.0,2.13,8.2,-3.0,0.0,2.66,41.6,-0.87,6.7,-8.8,7.0,2.63,48.17,0.96,11.9,-7.6,2.4,2.39,45.69,5.64,13.3,-1.8,0.3,2.17,43.31
울산,2023,1,0.0,3.07,11.6,-3.9,0.1,2.23,37.11,2.13,8.2,-3.0,0.0,2.66,41.6,-0.87,6.7,-8.8,7.0,2.63,48.17,0.96,11.9,-7.6,2.4,2.39,45.69
울산,2023,2,0.0,8.47,16.9,0.7,41.2,1.81,69.64,3.07,11.6,-3.9,0.1,2.23,37.11,2.13,8.2,-3.0,0.0,2.66,41.6,-0.87,6.7,-8.8,7.0,2.63,48.17
울산,2023,3,0.0,0.99,7.5,-5.9,0.0,2.5,42.59,8.47,16.9,0.7,41.2,1.81,69.64,3.07,11.6,-3.9,0.1,2.23,37.11,2.13,8.2,-3.0,0.0,2.66,41.6
울산,2023,4,0.0,-2.36,9.1,-13.6,0.0,3.36,36.36,0.99,7.5,-5.9,0.0,2.5,42.59,8.47,16.9,0.7,41.2,1.81,69.64,3.07,11.6,-3.9,0.1,2.23,37.11
울산,2023,5,0.0,3.5,14.6,-3.0,0.0,2.56,34.11,-2.36,9.1,-13.6,0.0,3.36,36.36,0.99,7.5,-5.9,0.0,2.5,42.59,8.47,16.9,0.7,41.2,1.81,69.64
울산,2023,6,0.0,5.91,13.1,-1.2,23.5,2.17,60.6,3.5,14.6,-3.0,0.0,2.56,34.11,-2.36,9.1,-13.6,0.0,3.36,36.36,0.99,7.5,-5.9,0.0,2.5,42.59
울산,2023,7,0.0,5.41,12.7,0.7,4.5,2.36,69.86,5.91,13.1,-1.2,23.5,2.17,60.6,3.5,14.6,-3.0,0.0,2.56,34.11,-2.36,9.1,-13.6,0.0,3.36,36.36
울산,2023,8,0.0,4.37,13.4,-3.6,0.0,2.54,44.96,5.41,12.7,0.7,4.5,2.36,69.86,5.91,13.1,-1.2,23.5,2.17,60.6,3.5,14.6,-3.0,0.0,2.56,34.11
울산,2023,9,0.0,7.76,16.7,-1.1,0.0,2.21,43.11,4.37,13.4,-3.6,0.0,2.54,44.96,5.41,12.7,0.7,4.5,2.36,69.86,5.91,13.1,-1.2,23.5,2.17,60.6
울산,2023,10,0.0,13.6,23.2,2.8,15.9,2.13,55.54,7.76,16.7,-1.1,0.0,2.21,43.11,4.37,13.4,-3.6,0.0,2.54,44.96,5.41,12.7,0.7,4.5,2.36,69.86
울산,2023,11,0.0,9.8,19.9,-0.4,0.0,2.69,50.51,13.6,23.2,2.8,15.9,2.13,55.54,7.76,16.7,-1.1,0.0,2.21,43.11,4.37,13.4,-3.6,0.0,2.54,44.96
울산,2023,12,0.0,12.69,20.5,4.0,52.4,2.09,68.19,9.8,19.9,-0.4,0.0,2.69,50.51,13.6,23.2,2.8,15.9,2.13,55.54,7.76,16.7,-1.1,0.0,2.21,43.11
울산,2023,13,0.0,12.99,23.4,4.3,0.0,2.26,50.81,12.69,20.5,4.0,52.4,2.09,68.19,9.8,19.9,-0.4,0.0,2.69,50.51,13.6,23.2,2.8,15.9,2.13,55.54
울산,2023,14,0.0,13.41,20.3,3.8,30.4,2.79,55.86,12.99,23.4,4.3,0.0,2.26,50.81,12.69,20.5,4.0,52.4,2.09,68.19,9.8,19.9,-0.4,0.0,2.69,50.51
울산,2023,15,0.0,13.99,22.7,6.3,11.7,2.44,55.14,13.41,20.3,3.8,30.4,2.79,55.86,12.99,23.4,4.3,0.0,2.26,50.81,12.69,20.5,4.0,52.4,2.09,68.19
울산,2023,16,0.0,15.14,27.1,5.7,2.4,2.34,64.19,13.99,22.7,6.3,11.7,2.44,55.14,13.41,20.3,3.8,30.4,2.79,55.86,12.99,23.4,4.3,0.0,2.26,50.81
울산,2023,17,1.0,13.97,23.3,6.2,13.2,2.57,63.29,15.14,27.1,5.7,2.4,2.34,64.19,13.99,22.7,6.3,11.7,2.44,55.14,13.41,20.3,3.8,30.4,2.79,55.86
울산,2023,18,0.0,15.59,22.9,7.8,104.8,3.09,70.56,13.97,23.3,6.2,13.2,2.57,63.29,15.14,27.1,5.7,2.4,2.34,64.19,13.99,22.7,6.3,11.7,2.44,55.14
울산,2023,19,1.0,16.09,25.0,6.7,2.7,1.8,63.11,15.59,22.9,7.8,104.8,3.09,70.56,13.97,23.3,6.2,13.2,2.57,63.29,15.14,27.1,5.7,2.4,2.34,64.19
울산,2023,20,0.0,19.94,30.7,12.6,24.9,1.79,68.23,16.09,25.0,6.7,2.7,1.8,63.11,15.59,22.9,7.8,104.8,3.09,70.56,13.97,23.3,6.2,13.2,2.57,63.29
울산,2023,21,0.0,19.01,27.3,11.4,2.4,1.99,68.71,19.94,30.7,12.6,24.9,1.79,68.23,16.09,25.0,6.7,2.7,1.8,63.11,15.59,22.9,7.8,104.8,3.09,70.56
울산,2023,22,0.0,19.59,28.9,12.8,90.4,1.76,74.53,19.01,27.3,11.4,2.4,1.99,68.71,19.94,30.7,12.6,24.9,1.79,68.23,16.09,25.0,6.7,2.7,1.8,63.11
울산,2023,23,0.0,21.89,28.9,15.7,0.0,1.7,68.51,19.59,28.9,12.8,90.4,1.76,74.53,19.01,27.3,11.4,2.4,1.99,68.71,19.94,30.7,12.6,24.9,1.79,68.23
울산,2023,24,0.0,22.59,31.3,14.9,6.1,1.51,72.96,21.89,28.9,15.7,0.0,1.7,68.51,19.59,28.9,12.8,90.4,1.76,74.53,19.01,27.3,11.4,2.4,1.99,68.71
울산,2023,25,1.0,21.97,27.4,18.2,30.1,1.84,78.21,22.59,31.3,14.9,6.1,1.51,72.96,21.89,28.9,15.7,0.0,1.7,68.51,19.59,28.9,12.8,90.4,1.76,74.53
울산,2023,26,0.0,24.53,32.2,19.4,75.2,2.24,82.43,21.97,27.4,18.2,30.1,1.84,78.21,22.59,31.3,14.9,6.1,1.51,72.96,21.89,28.9,15.7,0.0,1.7,68.51
울산,2023,27,1.0,24.44,33.2,18.6,64.1,1.53,80.44,24.53,32.2,19.4,75.2,2.24,82.43,21.97,27.4,18.2,30.1,1.84,78.21,22.59,31.3,14.9,6.1,1.51,72.96
울산,2023,28,0.0,25.79,30.9,22.1,97.3,2.76,83.69,24.44,33.2,18.6,64.1,1.53,80.44,24.53,32.2,19.4,75.2,2.24,82.43,21.97,27.4,18.2,30.1,1.84,78.21
울산,2023,29,0.0,25.11,31.4,20.4,100.5,1.7,83.49,25.79,30.9,22.1,97.3,2.76,83.69,24.44,33.2,18.6,64.1,1.53,80.44,24.53,32.2,19.4,75.2,2.24,82.43
울산,2023,30,0.0,27.89,33.1,22.6,5.0,1.64,75.17,25.11,31.4,20.4,100.5,1.7,83.49,25.79,30.9,22.1,97.3,2.76,83.69,24.44,33.2,18.6,64.1,1.53,80.44
울산,2023,31,1.0,28.7,34.9,23.5,0.0,1.4,71.8,27.89,33.1,22.6,5.0,1.64,75.17,25.11,31.4,20.4,100.5,1.7,83.49,25.79,30.9,22.1,97.3,2.76,83.69
울산,2023,32,1.0,25.87,31.6,22.2,183.0,3.14,80.41,28.7,34.9,23.5,0.0,1.4,71.8,27.89,33.1,22.6,5.0,1.64,75.17,25.11,31.4,20.4,100.5,1.7,83.49
울산,2023,33,0.0,25.57,31.5,22.4,72.1,1.7,83.19,25.87,31.6,22.2,183.0,3.14,80.41,28.7,34.9,23.5,0.0,1.4,71.8,27.89,33.1,22.6,5.0,1.64,75.17
울산,2023,34,0.0,26.6,32.4,21.5,110.6,1.9,79.3,25.57,31.5,22.4,72.1,1.7,83.19,25.87,31.6,22.2,183.0,3.14,80.41,28.7,34.9,23.5,0.0,1.4,71.8
울산,2023,35,1.0,25.06,29.9,21.9,60.5,1.99,85.83,26.6,32.4,21.5,110.6,1.9,79.3,25.57,31.5,22.4,72.1,1.7,83.19,25.87,31.6,22.2,183.0,3.14,80.41
울산,2023,36,1.0,23.7,29.1,17.6,2.1,2.66,74.19,25.06,29.9,21.9,60.5,1.99,85.83,26.6,32.4,21.5,110.6,1.9,79.3,25.57,31.5,22.4,72.1,1.7,83.19
울산,2023,37,0.0,23.6,29.0,20.0,146.3,1.34,87.47,23.7,29.1,17.6,2.1,2.66,74.19,25.06,29.9,21.9,60.5,1.99,85.83,26.6,32.4,21.5,110.6,1.9,79.3
울산,2023,38,0.0,21.83,30.2,15.8,100.2,2.13,77.83,23.6,29.0,20.0,146.3,1.34,87.47,23.7,29.1,17.6,2.1,2.66,74.19,25.06,29.9,21.9,60.5,1.99,85.83
울산,2023,39,0.0,21.43,28.0,14.9,5.2,1.84,75.97,21.83,30.2,15.8,100.2,2.13,77.83,23.6,29.0,20.0,146.3,1.34,87.47,23.7,29.1,17.6,2.1,2.66,74.19
울산,2023,40,3.0,17.73,24.9,11.7,0.5,2.14,60.57,21.43,28.0,14.9,5.2,1.84,75.97,21.83,30.2,15.8,100.2,2.13,77.83,23.6,29.0,20.0,146.3,1.34,87.47
울산,2023,41,2.0,17.23,23.9,11.5,3.3,2.16,65.76,17.73,24.9,11.7,0.5,2.14,60.57,21.43,28.0,14.9,5.2,1.84,75.97,21.83,30.2,15.8,100.2,2.13,77.83
울산,2023,42,4.0,15.26,24.9,6.3,0.5,2.06,54.07,17.23,23.9,11.5,3.3,2.16,65.76,17.73,24.9,11.7,0.5,2.14,60.57,21.43,28.0,14.9,5.2,1.84,75.97
울산,2023,43,13.0,15.17,24.4,7.9,0.0,1.6,67.07,15.26,24.9,6.3,0.5,2.06,54.07,17.23,23.9,11.5,3.3,2.16,65.76,17.73,24.9,11.7,0.5,2.14,60.57
울산,2023,44,30.0,18.23,27.6,8.6,0.1,1.5,66.0,15.17,24.4,7.9,0.0,1.6,67.07,15.26,24.9,6.3,0.5,2.06,54.07,17.23,23.9,11.5,3.3,2.16,65.76
울산,2023,45,39.0,11.69,23.0,1.6,24.0,2.7,52.74,18.23,27.6,8.6,0.1,1.5,66.0,15.17,24.4,7.9,0.0,1.6,67.07,15.26,24.9,6.3,0.5,2.06,54.07
울산,2023,46,31.0,7.0,15.2,-1.1,9.0,2.63,51.31,11.69,23.0,1.6,24.0,2.7,52.74,18.23,27.6,8.6,0.1,1.5,66.0,15.17,24.4,7.9,0.0,1.6,67.07
울산,2023,47,25.0,8.83,21.1,-2.6,0.0,2.21,46.1,7.0,15.2,-1.1,9.0,2.63,51.31,11.69,23.0,1.6,24.0,2.7,52.74,18.23,27.6,8.6,0.1,1.5,66.0
울산,2023,48,12.0,4.84,16.7,-2.4,0.0,2.34,46.57,8.83,21.1,-2.6,0.0,2.21,46.1,7.0,15.2,-1.1,9.0,2.63,51.31,11.69,23.0,1.6,24.0,2.7,52.74
울산,2023,49,3.0,10.49,19.7,0.7,0.0,2.27,52.06,4.84,16.7,-2.4,0.0,2.34,46.57,8.83,21.1,-2.6,0.0,2.21,46.1,7.0,15.2,-1.1,9.0,2.63,51.31
울산,2023,50,3.0,6.84,14.8,-6.7,125.5,2.66,75.81,10.49,19.7,0.7,0.0,2.27,52.06,4.84,16.7,-2.4,0.0,2.34,46.57,8.83,21.1,-2.6,0.0,2.21,46.1
울산,2023,51,2.0,-2.2,5.5,-8.2,0.0,2.81,40.3,6.84,14.8,-6.7,125.5,2.66,75.81,10.49,19.7,0.7,0.0,2.27,52.06,4.84,16.7,-2.4,0.0,2.34,46.57
울산,2023,52,2.0,4.79,14.3,-3.5,1.2,2.11,58.0,-2.2,5.5,-8.2,0.0,2.81,40.3,6.84,14.8,-6.7,125.5,2.66,75.81,10.49,19.7,0.7,0.0,2.27,52.06
울산,2024,1,0.0,4.59,13.4,-3.5,0.1,2.34,51.57,4.79,14.3,-3.5,1.2,2.11,58.0,-2.2,5.5,-8.2,0.0,2.81,40.3,6.84,14.8,-6.7,125.5,2.66,75.81
울산,2024,2,0.0,3.44,14.1,-6.5,6.6,2.29,51.27,4.59,13.4,-3.5,0.1,2.34,51.57,4.79,14.3,-3.5,1.2,2.11,58.0,-2.2,5.5,-8.2,0.0,2.81,40.3
울산,2024,3,0.0,5.64,14.8,-2.5,34.8,2.63,69.69,3.44,14.1,-6.5,6.6,2.29,51.27,4.59,13.4,-3.5,0.1,2.34,51.57,4.79,14.3,-3.5,1.2,2.11,58.0
울산,2024,4,1.0,-0.84,9.5,-8.6,0.3,3.17,42.81,5.64,14.8,-2.5,34.8,2.63,69.69,3.44,14.1,-6.5,6.6,2.29,51.27,4.59,13.4,-3.5,0.1,2.34,51.57
울산,2024,5,0.0,5.49,13.8,-1.6,10.6,2.14,70.86,-0.84,9.5,-8.6,0.3,3.17,42.81,5.64,14.8,-2.5,34.8,2.63,69.69,3.44,14.1,-6.5,6.6,2.29,51.27
울산,2024,6,0.0,3.96,10.0,-0.5,24.7,2.5,63.54,5.49,13.8,-1.6,10.6,2.14,70.86,-0.84,9.5,-8.6,0.3,3.17,42.81,5.64,14.8,-2.5,34.8,2.63,69.69
울산,2024,7,0.0,8.77,20.4,-1.3,6.3,2.13,65.07,3.96,10.0,-0.5,24.7,2.5,63.54,5.49,13.8,-1.6,10.6,2.14,70.86,-0.84,9.5,-8.6,0.3,3.17,42.81
울산,2024,8,1.0,6.2,22.0,1.6,57.3,3.17,81.69,8.77,20.4,-1.3,6.3,2.13,65.07,3.96,10.0,-0.5,24.7,2.5,63.54,5.49,13.8,-1.6,10.6,2.14,70.86
울산,2024,9,0.0,3.83,11.1,-5.4,7.0,3.03,55.13,6.2,22.0,1.6,57.3,3.17,81.69,8.77,20.4,-1.3,6.3,2.13,65.07,3.96,10.0,-0.5,24.7,2.5,63.54
울산,2024,10,0.0,5.76,14.3,-1.5,19.1,2.53,59.43,3.83,11.1,-5.4,7.0,3.03,55.13,6.2,22.0,1.6,57.3,3.17,81.69,8.77,20.4,-1.3,6.3,2.13,65.07
울산,2024,11,0.0,10.7,20.7,0.2,2.9,2.36,47.1,5.76,14.3,-1.5,19.1,2.53,59.43,3.83,11.1,-5.4,7.0,3.03,55.13,6.2,22.0,1.6,57.3,3.17,81.69
울산,2024,12,0.0,9.47,23.1,-0.9,2.9,2.9,56.0,10.7,20.7,0.2,2.9,2.36,47.1,5.76,14.3,-1.5,19.1,2.53,59.43,3.83,11.1,-5.4,7.0,3.03,55.13
울산,2024,13,0.0,10.8,19.4,1.8,55.3,2.6,69.59,9.47,23.1,-0.9,2.9,2.9,56.0,10.7,20.7,0.2,2.9,2.36,47.1,5.76,14.3,-1.5,19.1,2.53,59.43
울산,2024,14,1.0,13.4,22.9,7.4,52.8,1.99,64.63,10.8,19.4,1.8,55.3,2.6,69.59,9.47,23.1,-0.9,2.9,2.9,56.0,10.7,20.7,0.2,2.9,2.36,47.1
울산,2024,15,1.0,14.71,24.6,4.7,0.0,1.7,63.09,13.4,22.9,7.4,52.8,1.99,64.63,10.8,19.4,1.8,55.3,2.6,69.59,9.47,23.1,-0.9,2.9,2.9,56.0
울산,2024,16,1.0,16.19,25.7,10.5,28.4,1.96,71.23,14.71,24.6,4.7,0.0,1.7,63.09,13.4,22.9,7.4,52.8,1.99,64.63,10.8,19.4,1.8,55.3,2.6,69.59
울산,2024,17,1.0,15.49,26.3,10.1,12.7,1.86,74.31,16.19,25.7,10.5,28.4,1.96,71.23,14.71,24.6,4.7,0.0,1.7,63.09,13.4,22.9,7.4,52.8,1.99,64.63
울산,2024,18,0.0,15.14,23.8,7.1,20.9,2.09,74.73,15.49,26.3,10.1,12.7,1.86,74.31,16.19,25.7,10.5,28.4,1.96,71.23,14.71,24.6,4.7,0.0,1.7,63.09
울산,2024,19,1.0,17.11,27.6,6.1,40.2,2.86,66.71,15.14,23.8,7.1,20.9,2.09,74.73,15.49,26.3,10.1,12.7,1.86,74.31,16.19,25.7,10.5,28.4,1.96,71.23
울산,2024,20,0.0,18.03,28.9,9.0,12.3,1.84,55.91,17.11,27.6,6.1,40.2,2.86,66.71,15.14,23.8,7.1,20.9,2.09,74.73,15.49,26.3,10.1,12.7,1.86,74.31
울산,2024,21,0.0,18.99,28.5,10.3,1.1,2.06,67.74,18.03,28.9,9.0,12.3,1.84,55.91,17.11,27.6,6.1,40.2,2.86,66.71,15.14,23.8,7.1,20.9,2.09,74.73
울산,2024,22,0.0,19.43,27.6,10.2,0.0,1.96,62.04,18.99,28.5,10.3,1.1,2.06,67.74,18.03,28.9,9.0,12.3,1.84,55.91,17.11,27.6,6.1,40.2,2.86,66.71
울산,2024,23,0.0,19.14,26.8,11.8,20.3,1.36,75.17,19.43,27.6,10.2,0.0,1.96,62.04,18.99,28.5,10.3,1.1,2.06,67.74,18.03,28.9,9.0,12.3,1.84,55.91
울산,2024,24,0.0,24.56,32.3,16.6,24.0,1.2,67.51,19.14,26.8,11.8,20.3,1.36,75.17,19.43,27.6,10.2,0.0,1.96,62.04,18.99,28.5,10.3,1.1,2.06,67.74
울산,2024,25,0.0,24.07,33.2,17.6,33.7,1.3,68.71,24.56,32.3,16.6,24.0,1.2,67.51,19.14,26.8,11.8,20.3,1.36,75.17,19.43,27.6,10.2,0.0,1.96,62.04
울산,2024,26,1.0,23.67,30.4,17.6,46.6,2.0,71.27,24.07,33.2,17.6,33.7,1.3,68.71,24.56,32.3,16.6,24.0,1.2,67.51,19.14,26.8,11.8,20.3,1.36,75.17
울산,2024,27,0.0,26.93,33.6,21.5,48.7,2.69,75.13,23.67,30.4,17.6,46.6,2.0,71.27,24.07,33.2,17.6,33.7,1.3,68.71,24.56,32.3,16.6,24.0,1.2,67.51
울산,2024,28,0.0,24.09,30.4,20.1,139.3,1.46,86.67,26.93,33.6,21.5,48.7,2.69,75.13,23.67,30.4,17.6,46.6,2.0,71.27,24.07,33.2,17.6,33.7,1.3,68.71
울산,2024,29,0.0,26.19,33.0,21.6,21.2,2.31,81.16,24.09,30.4,20.1,139.3,1.46,86.67,26.93,33.6,21.5,48.7,2.69,75.13,23.67,30.4,17.6,46.6,2.0,71.27
울산,2024,30,0.0,29.03,33.8,23.4,0.0,2.89,72.23,26.19,33.0,21.6,21.2,2.31,81.16,24.09,30.4,20.1,139.3,1.46,86.67,26.93,33.6,21.5,48.7,2.69,75.13
울산,2024,31,2.0,30.39,35.9,25.4,0.0,1.73,68.14,29.03,33.8,23.4,0.0,2.89,72.23,26.19,33.0,21.6,21.2,2.31,81.16,24.09,30.4,20.1,139.3,1.46,86.67
울산,2024,32,0.0,27.93,34.4,23.5,16.0,1.64,76.26,30.39,35.9,25.4,0.0,1.73,68.14,29.03,33.8,23.4,0.0,2.89,72.23,26.19,33.0,21.6,21.2,2.31,81.16
울산,2024,33,0.0,27.24,32.1,22.4,0.0,2.19,75.11,27.93,34.4,23.5,16.0,1.64,76.26,30.39,35.9,25.4,0.0,1.73,68.14,29.03,33.8,23.4,0.0,2.89,72.23
울산,2024,34,0.0,28.76,33.7,23.6,54.4,2.04,75.66,27.24,32.1,22.4,0.0,2.19,75.11,27.93,34.4,23.5,16.0,1.64,76.26,30.39,35.9,25.4,0.0,1.73,68.14
울산,2024,35,1.0,26.21,31.9,21.4,18.7,2.79,79.06,28.76,33.7,23.6,54.4,2.04,75.66,27.24,32.1,22.4,0.0,2.19,75.11,27.93,34.4,23.5,16.0,1.64,76.26
울산,2024,36,0.0,25.3,33.4,19.3,9.4,1.97,77.19,26.21,31.9,21.4,18.7,2.79,79.06,28.76,33.7,23.6,54.4,2.04,75.66,27.24,32.1,22.4,0.0,2.19,75.11
울산,2024,37,0.0,27.13,33.3,22.6,17.5,1.69,80.7,25.3,33.4,19.3,9.4,1.97,77.19,26.21,31.9,21.4,18.7,2.79,79.06,28.76,33.7,23.6,54.4,2.04,75.66
울산,2024,38,0.0,25.09,33.4,18.3,204.1,1.84,85.83,27.13,33.3,22.6,17.5,1.69,80.7,25.3,33.4,19.3,9.4,1.97,77.19,26.21,31.9,21.4,18.7,2.79,79.06
울산,2024,39,0.0,21.51,28.5,16.3,6.0,2.36,76.26,25.09,33.4,18.3,204.1,1.84,85.83,27.13,33.3,22.6,17.5,1.69,80.7,25.3,33.4,19.3,9.4,1.97,77.19
울산,2024,40,0.0,18.73,29.1,13.4,17.3,2.41,71.59,21.51,28.5,16.3,6.0,2.36,76.26,25.09,33.4,18.3,204.1,1.84,85.83,27.13,33.3,22.6,17.5,1.69,80.7
울산,2024,41,0.0,17.81,24.9,13.0,8.6,1.91,76.9,18.73,29.1,13.4,17.3,2.41,71.59,21.51,28.5,16.3,6.0,2.36,76.26,25.09,33.4,18.3,204.1,1.84,85.83
울산,2024,42,4.0,19.21,25.9,11.8,75.6,2.16,80.76,17.81,24.9,13.0,8.6,1.91,76.9,18.73,29.1,13.4,17.3,2.41,71.59,21.51,28.5,16.3,6.0,2.36,76.26
울산,2024,43,9.0,17.16,21.6,9.8,63.0,1.99,75.13,19.21,25.9,11.8,75.6,2.16,80.76,17.81,24.9,13.0,8.6,1.91,76.9,18.73,29.1,13.4,17.3,2.41,71.59
울산,2024,44,27.0,15.64,21.5,10.8,59.3,2.21,77.81,17.16,21.6,9.8,63.0,1.99,75.13,19.21,25.9,11.8,75.6,2.16,80.76,17.81,24.9,13.0,8.6,1.91,76.9
울산,2024,45,49.0,13.14,22.3,5.6,0.0,1.9,66.41,15.64,21.5,10.8,59.3,2.21,77.81,17.16,21.6,9.8,63.0,1.99,75.13,19.21,25.9,11.8,75.6,2.16,80.76
울산,2024,46,23.0,15.19,22.9,7.8,0.0,1.69,69.09,13.14,22.3,5.6,0.0,1.9,66.41,15.64,21.5,10.8,59.3,2.21,77.81,17.16,21.6,9.8,63.0,1.99,75.13
울산,2024,47,37.0,8.66,15.9,3.0,0.6,2.3,61.77,15.19,22.9,7.8,0.0,1.69,69.09,13.14,22.3,5.6,0.0,1.9,66.41,15.64,21.5,10.8,59.3,2.21,77.81
울산,2024,48,51.0,7.93,16.5,2.0,17.4,2.49,56.59,8.66,15.9,3.0,0.6,2.3,61.77,15.19,22.9,7.8,0.0,1.69,69.09,13.14,22.3,5.6,0.0,1.9,66.41
울산,2024,49,43.0,6.09,18.4,-0.4,0.0,2.36,45.86,7.93,16.5,2.0,17.4,2.49,56.59,8.66,15.9,3.0,0.6,2.3,61.77,15.19,22.9,7.8,0.0,1.69,69.09
울산,2024,50,26.0,4.14,11.2,-1.6,0.0,2.56,44.14,6.09,18.4,-0.4,0.0,2.36,45.86,7.93,16.5,2.0,17.4,2.49,56.59,8.66,15.9,3.0,0.6,2.3,61.77
울산,2024,51,6.0,2.16,12.3,-4.0,0.0,2.56,44.1,4.14,11.2,-1.6,0.0,2.56,44.14,6.09,18.4,-0.4,0.0,2.36,45.86,7.93,16.5,2.0,17.4,2.49,56.59
울산,2024,52,5.0,2.66,10.1,-2.7,0.0,2.71,42.89,2.16,12.3,-4.0,0.0,2.56,44.1,4.14,11.2,-1.6,0.0,2.56,44.14,6.09,18.4,-0.4,0.0,2.36,45.86
울산,2025,1,0.0,3.8,11.4,-3.0,0.0,2.23,39.71,2.66,10.1,-2.7,0.0,2.71,42.89,2.16,12.3,-4.0,0.0,2.56,44.1,4.14,11.2,-1.6,0.0,2.56,44.14
울산,2025,2,0.0,-0.89,11.1,-11.2,0.0,3.01,44.11,3.8,11.4,-3.0,0.0,2.23,39.71,2.66,10.1,-2.7,0.0,2.71,42.89,2.16,12.3,-4.0,0.0,2.56,44.1
울산,2025,3,0.0,3.17,12.4,-3.6,0.0,2.2,41.81,-0.89,11.1,-11.2,0.0,3.01,44.11,3.8,11.4,-3.0,0.0,2.23,39.71,2.66,10.1,-2.7,0.0,2.71,42.89
울산,2025,4,0.0,5.6,13.2,-0.5,3.5,2.34,55.37,3.17,12.4,-3.6,0.0,2.2,41.81,-0.89,11.1,-11.2,0.0,3.01,44.11,3.8,11.4,-3.0,0.0,2.23,39.71
울산,2025,5,0.0,2.59,10.8,-4.5,10.9,2.3,58.87,5.6,13.2,-0.5,3.5,2.34,55.37,3.17,12.4,-3.6,0.0,2.2,41.81,-0.89,11.1,-11.2,0.0,3.01,44.11
울산,2025,6,0.0,-2.71,4.1,-9.6,0.0,3.54,37.16,2.59,10.8,-4.5,10.9,2.3,58.87,5.6,13.2,-0.5,3.5,2.34,55.37,3.17,12.4,-3.6,0.0,2.2,41.81
울산,2025,7,0.0,3.69,14.0,-5.2,8.1,2.17,44.87,-2.71,4.1,-9.6,0.0,3.54,37.16,2.59,10.8,-4.5,10.9,2.3,58.87,5.6,13.2,-0.5,3.5,2.34,55.37
울산,2025,8,0.0,0.47,7.1,-4.3,0.0,3.01,28.81,3.69,14.0,-5.2,8.1,2.17,44.87,-2.71,4.1,-9.6,0.0,3.54,37.16,2.59,10.8,-4.5,10.9,2.3,58.87
울산,2025,9,0.0,7.84,19.4,-4.9,3.6,2.21,44.9,0.47,7.1,-4.3,0.0,3.01,28.81,3.69,14.0,-5.2,8.1,2.17,44.87,-2.71,4.1,-9.6,0.0,3.54,37.16
울산,2025,10,0.0,5.01,12.3,0.2,35.4,2.81,71.79,7.84,19.4,-4.9,3.6,2.21,44.9,0.47,7.1,-4.3,0.0,3.01,28.81,3.69,14.0,-5.2,8.1,2.17,44.87
울산,2025,11,0.0,8.93,20.2,0.3,21.5,2.23,57.69,5.01,12.3,0.2,35.4,2.81,71.79,7.84,19.4,-4.9,3.6,2.21,44.9,0.47,7.1,-4.3,0.0,3.01,28.81
울산,2025,12,0.0,10.04,25.6,-1.3,0.1,2.51,41.97,8.93,20.2,0.3,21.5,2.23,57.69,5.01,12.3,0.2,35.4,2.81,71.79,7.84,19.4,-4.9,3.6,2.21,44.9
울산,2025,13,0.0,12.74,25.4,0.9,11.1,2.89,49.73,10.04,25.6,-1.3,0.1,2.51,41.97,8.93,20.2,0.3,21.5,2.23,57.69,5.01,12.3,0.2,35.4,2.81,71.79
울산,2025,14,0.0,9.23,19.0,-0.2,0.3,2.24,58.11,12.74,25.4,0.9,11.1,2.89,49.73,10.04,25.6,-1.3,0.1,2.51,41.97,8.93,20.2,0.3,21.5,2.23,57.69
울산,2025,15,0.0,13.36,25.2,4.5,35.0,2.34,57.57,9.23,19.0,-0.2,0.3,2.24,58.11,12.74,25.4,0.9,11.1,2.89,49.73,10.04,25.6,-1.3,0.1,2.51,41.97
울산,2025,16,0.0,15.17,27.8,3.3,7.8,2.86,66.19,13.36,25.2,4.5,35.0,2.34,57.57,9.23,19.0,-0.2,0.3,2.24,58.11,12.74,25.4,0.9,11.1,2.89,49.73
울산,2025,17,0.0,15.77,27.8,8.7,13.0,2.01,52.5,15.17,27.8,3.3,7.8,2.86,66.19,13.36,25.2,4.5,35.0,2.34,57.57,9.23,19.0,-0.2,0.3,2.24,58.11
울산,2025,18,0.0,15.31,24.9,6.8,22.1,2.37,56.81,15.77,27.8,8.7,13.0,2.01,52.5,15.17,27.8,3.3,7.8,2.86,66.19,13.36,25.2,4.5,35.0,2.34,57.57
울산,2025,19,1.0,14.69,21.1,6.9,42.0,2.03,70.66,15.31,24.9,6.8,22.1,2.37,56.81,15.77,27.8,8.7,13.0,2.01,52.5,15.17,27.8,3.3,7.8,2.86,66.19
울산,2025,20,0.0,19.06,26.4,11.0,37.6,1.9,66.7,14.69,21.1,6.9,42.0,2.03,70.66,15.31,24.9,6.8,22.1,2.37,56.81,15.77,27.8,8.7,13.0,2.01,52.5
울산,2025,21,0.0,18.01,30.5,11.6,5.4,2.66,71.9,19.06,26.4,11.0,37.6,1.9,66.7,14.69,21.1,6.9,42.0,2.03,70.66,15.31,24.9,6.8,22.1,2.37,56.81
울산,2025,22,0.0,17.56,25.9,11.4,0.0,1.64,68.37,18.01,30.5,11.6,5.4,2.66,71.9,19.06,26.4,11.0,37.6,1.9,66.7,14.69,21.1,6.9,42.0,2.03,70.66
울산,2025,23,0.0,21.63,29.9,14.7,7.2,1.6,55.13,17.56,25.9,11.4,0.0,1.64,68.37,18.01,30.5,11.6,5.4,2.66,71.9,19.06,26.4,11.0,37.6,1.9,66.7
울산,2025,24,0.0,22.03,30.2,16.9,79.7,1.41,73.91,21.63,29.9,14.7,7.2,1.6,55.13,17.56,25.9,11.4,0.0,1.64,68.37,18.01,30.5,11.6,5.4,2.66,71.9
울산,2025,25,0.0,24.39,32.9,17.3,40.9,2.37,73.9,22.03,30.2,16.9,79.7,1.41,73.91,21.63,29.9,14.7,7.2,1.6,55.13,17.56,25.9,11.4,0.0,1.64,68.37
울산,2025,26,0.0,24.69,33.4,17.9,35.3,1.43,73.36,24.39,32.9,17.3,40.9,2.37,73.9,22.03,30.2,16.9,79.7,1.41,73.91,21.63,29.9,14.7,7.2,1.6,55.13
울산,2025,27,0.0,29.83,36.3,24.6,0.0,1.91,63.61,24.69,33.4,17.9,35.3,1.43,73.36,24.39,32.9,17.3,40.9,2.37,73.9,22.03,30.2,16.9,79.7,1.41,73.91
울산,2025,28,0.0,26.19,34.8,20.5,67.0,2.59,70.19,29.83,36.3,24.6,0.0,1.91,63.61,24.69,33.4,17.9,35.3,1.43,73.36,24.39,32.9,17.3,40.9,2.37,73.9
울산,2025,29,0.0,23.77,30.6,18.1,218.1,1.74,86.56,26.19,34.8,20.5,67.0,2.59,70.19,29.83,36.3,24.6,0.0,1.91,63.61,24.69,33.4,17.9,35.3,1.43,73.36
울산,2025,30,0.0,28.14,33.0,22.1,0.0,1.36,71.4,23.77,30.6,18.1,218.1,1.74,86.56,26.19,34.8,20.5,67.0,2.59,70.19,29.83,36.3,24.6,0.0,1.91,63.61
울산,2025,31,0.0,28.07,34.1,22.5,82.0,1.39,73.06,28.14,33.0,22.1,0.0,1.36,71.4,23.77,30.6,18.1,218.1,1.74,86.56,26.19,34.8,20.5,67.0,2.59,70.19
울산,2025,32,0.0,26.79,32.0,20.3,68.6,2.09,79.01,28.07,34.1,22.5,82.0,1.39,73.06,28.14,33.0,22.1,0.0,1.36,71.4,23.77,30.6,18.1,218.1,1.74,86.56
울산,2025,33,0.0,26.84,33.9,20.0,45.5,1.19,77.93,26.79,32.0,20.3,68.6,2.09,79.01,28.07,34.1,22.5,82.0,1.39,73.06,28.14,33.0,22.1,0.0,1.36,71.4
울산,2025,34,0.0,29.26,35.0,24.0,0.0,1.37,68.9,26.84,33.9,20.0,45.5,1.19,77.93,26.79,32.0,20.3,68.6,2.09,79.01,28.07,34.1,22.5,82.0,1.39,73.06
울산,2025,35,0.0,28.46,35.6,22.9,2.9,1.96,70.71,29.26,35.0,24.0,0.0,1.37,68.9,26.84,33.9,20.0,45.5,1.19,77.93,26.79,32.0,20.3,68.6,2.09,79.01
울산,2025,36,0.0,26.73,33.0,21.9,7.5,2.24,76.97,28.46,35.6,22.9,2.9,1.96,70.71,29.26,35.0,24.0,0.0,1.37,68.9,26.84,33.9,20.0,45.5,1.19,77.93
울산,2025,37,0.0,23.37,30.4,18.4,29.1,1.99,82.57,26.73,33.0,21.9,7.5,2.24,76.97,28.46,35.6,22.9,2.9,1.96,70.71,29.26,35.0,24.0,0.0,1.37,68.9
울산,2025,38,0.0,23.61,33.3,18.0,1.6,2.04,75.67,23.37,30.4,18.4,29.1,1.99,82.57,26.73,33.0,21.9,7.5,2.24,76.97,28.46,35.6,22.9,2.9,1.96,70.71
울산,2025,39,0.0,22.27,28.1,17.7,11.0,1.96,76.94,23.61,33.3,18.0,1.6,2.04,75.67,23.37,30.4,18.4,29.1,1.99,82.57,26.73,33.0,21.9,7.5,2.24,76.97
울산,2025,40,1.0,20.71,27.7,15.5,48.1,1.43,79.73,22.27,28.1,17.7,11.0,1.96,76.94,23.61,33.3,18.0,1.6,2.04,75.67,23.37,30.4,18.4,29.1,1.99,82.57
울산,2025,41,0.0,20.66,28.7,17.3,29.2,1.87,83.83,20.71,27.7,15.5,48.1,1.43,79.73,22.27,28.1,17.7,11.0,1.96,76.94,23.61,33.3,18.0,1.6,2.04,75.67
울산,2025,42,2.0,18.77,23.6,15.0,57.8,1.86,86.59,20.66,28.7,17.3,29.2,1.87,83.83,20.71,27.7,15.5,48.1,1.43,79.73,22.27,28.1,17.7,11.0,1.96,76.94
울산,2025,43,7.0,14.9,21.7,11.6,38.1,2.4,84.31,18.77,23.6,15.0,57.8,1.86,86.59,20.66,28.7,17.3,29.2,1.87,83.83,20.71,27.7,15.5,48.1,1.43,79.73
울산,2025,44,8.0,11.8,19.4,4.1,0.0,1.99,55.43,14.9,21.7,11.6,38.1,2.4,84.31,18.77,23.6,15.0,57.8,1.86,86.59,20.66,28.7,17.3,29.2,1.87,83.83
울산,2025,45,7.0,13.43,20.1,3.3,18.1,1.81,68.79,11.8,19.4,4.1,0.0,1.99,55.43,14.9,21.7,11.6,38.1,2.4,84.31,18.77,23.6,15.0,57.8,1.86,86.59
울산,2025,46,15.0,11.56,20.9,5.2,0.0,1.81,51.2,13.43,20.1,3.3,18.1,1.81,68.79,11.8,19.4,4.1,0.0,1.99,55.43,14.9,21.7,11.6,38.1,2.4,84.31
울산,2025,47,21.0,8.16,17.8,0.1,0.0,2.24,46.27,11.56,20.9,5.2,0.0,1.81,51.2,13.43,20.1,3.3,18.1,1.81,68.79,11.8,19.4,4.1,0.0,1.99,55.43
울산,2025,48,32.0,9.9,20.4,-0.5,0.0,2.13,54.46,8.16,17.8,0.1,0.0,2.24,46.27,11.56,20.9,5.2,0.0,1.81,51.2,13.43,20.1,3.3,18.1,1.81,68.79
울산,2025,49,12.0,4.8,17.1,-4.6,0.0,2.57,39.2,9.9,20.4,-0.5,0.0,2.13,54.46,8.16,17.8,0.1,0.0,2.24,46.27,11.56,20.9,5.2,0.0,1.81,51.2
울산,2025,50,8.0,5.93,15.9,-0.1,9.2,2.47,54.89,4.8,17.1,-4.6,0.0,2.57,39.2,9.9,20.4,-0.5,0.0,2.13,54.46,8.16,17.8,0.1,0.0,2.24,46.27
울산,2025,51,2.0,7.37,18.5,-1.0,0.0,2.0,56.24,5.93,15.9,-0.1,9.2,2.47,54.89,4.8,17.1,-4.6,0.0,2.57,39.2,9.9,20.4,-0.5,0.0,2.13,54.46
울산,2025,52,1.0,2.8,12.0,-7.1,7.7,2.44,53.91,7.37,18.5,-1.0,0.0,2.0,56.24,5.93,15.9,-0.1,9.2,2.47,54.89,4.8,17.1,-4.6,0.0,2.57,39.2
